# dff2obj
mtllib Pgb.mtl
o atomic0_geo0
v 0.09767 -0.03682 0.16034
v 0.02462 -0.02537 0.18227
v 0.09172 0.08470 0.12302
v -0.00072 0.08652 0.13893
v -0.00072 0.08652 0.13893
v -0.09911 -0.03682 0.16034
v -0.09911 -0.03682 0.16034
v -0.09316 0.08470 0.12302
v -0.02606 -0.02537 0.18227
v -0.00072 0.08652 0.13893
v -0.00072 0.08652 0.13893
v -0.17698 0.07330 -0.00603
v -0.17698 0.07330 -0.00603
v -0.08885 0.09850 -0.13553
v -0.14767 0.06972 -0.10555
v -0.07124 0.06768 -0.13547
v -0.07124 0.06768 -0.13547
v -0.04717 0.63128 0.03516
v -0.04717 0.63128 0.03516
v -0.05790 0.64366 0.02383
v -0.05141 0.64108 0.01383
v -0.05971 0.67100 0.02000
v -0.05971 0.67100 0.02000
v 0.04624 0.63128 0.03516
v 0.04624 0.63128 0.03516
v 0.05044 0.64108 0.01383
v 0.05698 0.64366 0.02383
v 0.05879 0.67100 0.02000
v 0.05879 0.67100 0.02000
v 0.70266 0.50405 -0.03276
v 0.70266 0.50405 -0.03276
v 0.73251 0.49456 -0.05340
v 0.71900 0.49711 -0.01367
v 0.75681 0.47346 -0.02185
v 0.75681 0.47346 -0.02185
v 0.82385 0.49530 -0.06808
v 0.82385 0.49530 -0.06808
v 0.81380 0.49430 0.00150
v 0.78895 0.49512 -0.02641
v 0.78691 0.49306 -0.00594
v 0.78691 0.49306 -0.00594
v -0.69614 0.50179 -0.03129
v -0.69614 0.50179 -0.03129
v -0.71193 0.49393 -0.01208
v -0.72563 0.49083 -0.05171
v -0.74852 0.46837 -0.02004
v -0.72563 0.49083 -0.05171
v -0.72563 0.49083 -0.05171
v -0.72563 0.49083 -0.05171
v -0.78178 0.48834 -0.02423
v -0.76569 0.51044 -0.03471
v -0.76569 0.51044 -0.03471
v -0.81701 0.48685 -0.06559
v -0.81701 0.48685 -0.06559
v -0.81701 0.48685 -0.06559
v -0.78178 0.48834 -0.02423
v -0.80631 0.48612 0.00389
v -0.77946 0.48631 -0.00379
v -0.77946 0.48631 -0.00379
v 0.01739 0.68105 0.10673
v 0.01739 0.68105 0.10673
v -0.00058 0.67824 0.12159
v -0.00039 0.67670 0.11404
v -0.01886 0.68105 0.10673
v -0.01886 0.68105 0.10673
v -0.05142 0.70218 0.07492
v -0.05142 0.70218 0.07492
v -0.05711 0.69373 0.06036
v -0.03885 0.66110 0.07625
v -0.05295 0.66999 0.06022
v -0.05295 0.66999 0.06022
v -0.05211 0.64756 0.06411
v -0.03885 0.66110 0.07625
v -0.04060 0.63761 0.07579
v -0.02650 0.64727 0.09381
v -0.02650 0.64727 0.09381
v 0.05843 0.70783 0.05814
v 0.05843 0.70783 0.05814
v 0.05843 0.70783 0.05814
v 0.06200 0.69412 0.02501
v 0.05657 0.74260 0.05673
v 0.07978 0.69220 0.00342
v 0.07978 0.69220 0.00342
v -0.02196 0.61426 0.05614
v -0.02196 0.61426 0.05614
v -0.02991 0.63176 0.08806
v -0.03538 0.62164 0.05156
v -0.04717 0.63128 0.03516
v -0.04717 0.63128 0.03516
v -0.15247 -0.79557 -0.11331
v -0.15247 -0.79557 -0.11331
v -0.12422 -0.79557 -0.12410
v -0.12990 -0.90053 -0.13044
v -0.09983 -0.79557 -0.11133
v -0.09983 -0.79557 -0.11133
v -0.10981 -0.78433 -0.00573
v -0.10287 -0.85707 0.02027
v -0.14682 -0.79372 -0.00246
v -0.14670 -0.85824 0.06232
v -0.18620 -0.85828 0.01468
v -0.14670 -0.85824 0.06232
v -0.18329 -0.89016 0.07533
v -0.14670 -0.85824 0.06232
v -0.14836 -0.88015 0.09556
v -0.14670 -0.85824 0.06232
v -0.11244 -0.89064 0.07320
v -0.10287 -0.85707 0.02027
v -0.10287 -0.85707 0.02027
v 0.09838 -0.79557 -0.11133
v 0.09838 -0.79557 -0.11133
v 0.09838 -0.79557 -0.11133
v 0.12277 -0.79557 -0.12410
v 0.12846 -0.90053 -0.13044
v 0.15103 -0.79557 -0.11331
v 0.15103 -0.79557 -0.11331
v 0.16399 -0.78394 -0.01060
v 0.18476 -0.85828 0.01468
v 0.14538 -0.79372 -0.00246
v 0.14526 -0.85824 0.06232
v 0.10142 -0.85707 0.02027
v 0.14526 -0.85824 0.06232
v 0.11100 -0.89064 0.07320
v 0.14526 -0.85824 0.06232
v 0.14691 -0.88015 0.09556
v 0.14526 -0.85824 0.06232
v 0.18185 -0.89016 0.07533
v 0.18476 -0.85828 0.01468
v 0.18476 -0.85828 0.01468
v -0.14260 0.10658 0.12894
v -0.14260 0.10658 0.12894
v -0.14260 0.10658 0.12894
v -0.19735 0.11169 -0.00217
v -0.16934 -0.02613 0.10999
v -0.21317 0.00515 0.00040
v -0.16934 -0.02613 0.10999
v -0.16934 -0.02613 0.10999
v -0.16934 -0.02613 0.10999
v -0.09911 -0.03682 0.16034
v -0.14260 0.10658 0.12894
v -0.00072 0.08037 0.18226
v -0.13556 0.16529 0.12069
v -0.00072 0.17131 0.18823
v -0.13281 0.24946 0.10567
v -0.00072 0.25154 0.17879
v -0.10933 0.39308 0.11279
v -0.00072 0.38692 0.14127
v -0.06660 0.48936 0.09531
v -0.00070 0.47565 0.11359
v -0.06511 0.53271 0.07155
v -0.03420 0.57425 0.04088
v -0.06511 0.53271 0.07155
v -0.05297 0.59603 0.00195
v -0.06511 0.53271 0.07155
v -0.06023 0.60568 -0.01849
v -0.06511 0.53271 0.07155
v -0.08993 0.56938 0.00512
v -0.11608 0.49179 0.07275
v -0.16077 0.55963 0.01055
v -0.16935 0.50917 0.04203
v -0.18438 0.56698 -0.00280
v -0.16935 0.50917 0.04203
v -0.21188 0.46713 0.02807
v -0.16670 0.40961 0.08193
v -0.18502 0.27621 -0.01565
v -0.18502 0.27621 -0.01565
v -0.21188 0.46713 0.02807
v -0.21264 0.36670 -0.02561
v -0.21264 0.36670 -0.02561
v 0.15392 0.53322 -0.11155
v 0.15392 0.53322 -0.11155
v 0.15392 0.53322 -0.11155
v 0.10972 0.47465 -0.14046
v 0.13209 0.54657 -0.10353
v 0.06353 0.56837 -0.08048
v 0.06353 0.56837 -0.08048
v 0.03664 0.70059 -0.07183
v 0.03664 0.70059 -0.07183
v 0.06065 0.75437 -0.04189
v 0.07188 0.70234 -0.03355
v 0.06647 0.76704 0.01150
v 0.06647 0.76704 0.01150
v 0.71900 0.49711 -0.01367
v 0.71900 0.49711 -0.01367
v 0.75261 0.47696 0.00155
v 0.78021 0.52936 0.00967
v 0.78691 0.49306 -0.00594
v 0.78021 0.52936 0.00967
v 0.78021 0.52936 0.00967
v 0.78021 0.52936 0.00967
v 0.72242 0.53182 -0.01172
v 0.71900 0.49711 -0.01367
v 0.70782 0.53014 -0.02199
v 0.70266 0.50405 -0.03276
v 0.63332 0.52128 -0.03267
v 0.63491 0.49360 -0.07582
v 0.53417 0.50135 -0.03502
v 0.52971 0.46071 -0.08838
v 0.47295 0.49465 -0.04282
v 0.46479 0.47263 -0.08488
v 0.43752 0.49746 -0.03595
v 0.46479 0.47263 -0.08488
v 0.42759 0.46880 -0.07149
v 0.46144 0.49685 -0.12404
v 0.41289 0.48919 -0.12515
v 0.41289 0.48919 -0.12515
v -0.04830 0.72122 0.08203
v -0.04830 0.72122 0.08203
v -0.04149 0.72063 0.09096
v -0.04357 0.73004 0.09600
v -0.03078 0.73543 0.10897
v -0.03078 0.73543 0.10897
v 0.02466 0.72501 0.09649
v 0.02466 0.72501 0.09649
v 0.01188 0.72013 0.09602
v 0.02036 0.71519 0.09557
v 0.01721 0.68922 0.09733
v 0.01721 0.68922 0.09733
v 0.15917 -0.40689 -0.09262
v 0.15917 -0.40689 -0.09262
v 0.15642 -0.34940 -0.09238
v 0.20091 -0.41499 -0.03044
v 0.19338 -0.34866 -0.02655
v 0.19338 -0.34866 -0.02655
v 0.02879 -0.09460 -0.08639
v 0.02879 -0.09460 -0.08639
v 0.08481 -0.35234 -0.10564
v 0.04862 -0.35853 -0.07309
v 0.08978 -0.40983 -0.10697
v 0.08978 -0.40983 -0.10697
v -0.15247 -0.79557 -0.11331
v -0.15247 -0.79557 -0.11331
v -0.16544 -0.78394 -0.01060
v -0.19461 -0.87769 -0.04576
v -0.18620 -0.85828 0.01468
v -0.18620 -0.85828 0.01468
v -0.00072 -0.06642 0.12270
v -0.00072 -0.06642 0.12270
v -0.03813 -0.08421 0.10835
v -0.00647 -0.10986 0.02752
v -0.05167 -0.36515 0.00789
v -0.05167 -0.36515 0.00789
v -0.02015 0.71311 0.09584
v -0.02015 0.71311 0.09584
v -0.02553 0.67774 0.09045
v -0.01868 0.68922 0.09733
v -0.01824 0.68032 0.09849
v -0.01868 0.68922 0.09733
v -0.01868 0.68922 0.09733
v -0.01868 0.68922 0.09733
v -0.01165 0.71988 0.09638
v -0.02015 0.71311 0.09584
v -0.02775 0.72508 0.09649
v -0.02015 0.71311 0.09584
v -0.04046 0.71352 0.09047
v -0.02553 0.67774 0.09045
v -0.05142 0.70218 0.07492
v -0.02553 0.67774 0.09045
v -0.03885 0.66110 0.07625
v -0.02258 0.66159 0.09997
v -0.02650 0.64727 0.09381
v -0.02650 0.64727 0.09381
v -0.14682 -0.79372 -0.00246
v -0.14682 -0.79372 -0.00246
v -0.16544 -0.78394 -0.01060
v -0.18620 -0.85828 0.01468
v -0.15247 -0.79557 -0.11331
v -0.15247 -0.79557 -0.11331
v 0.03316 0.57425 0.04087
v 0.03316 0.57425 0.04087
v 0.05193 0.59603 0.00196
v 0.05044 0.64108 0.01383
v 0.05504 0.60607 -0.02097
v 0.05044 0.64108 0.01383
v 0.05044 0.64108 0.01383
v 0.05044 0.64108 0.01383
v 0.04624 0.63128 0.03516
v 0.03316 0.57425 0.04087
v 0.03445 0.62164 0.05156
v 0.00065 0.56174 0.05389
v 0.02104 0.61426 0.05614
v 0.00065 0.56174 0.05389
v 0.00909 0.61094 0.05883
v -0.00046 0.60875 0.06154
v -0.00046 0.60875 0.06154
v -0.00046 0.60875 0.06154
v -0.01002 0.61094 0.05883
v 0.00065 0.56174 0.05389
v -0.02196 0.61426 0.05614
v 0.00065 0.56174 0.05389
v -0.03538 0.62164 0.05156
v 0.00065 0.56174 0.05389
v -0.03420 0.57425 0.04088
v -0.00070 0.47565 0.11359
v -0.00070 0.47565 0.11359
v 0.16078 -0.05177 0.09657
v 0.16078 -0.05177 0.09657
v 0.16078 -0.05177 0.09657
v 0.18977 -0.05519 -0.00979
v 0.17554 0.07330 -0.00603
v 0.14622 0.06972 -0.10555
v 0.14622 0.06972 -0.10555
v 0.20564 -0.94299 0.04481
v 0.20564 -0.94299 0.04481
v 0.19008 -0.93613 0.12987
v 0.10725 -0.93613 0.13284
v 0.14957 -0.93128 0.16003
v 0.14957 -0.93128 0.16003
v 0.16525 0.40961 0.08193
v 0.16525 0.40961 0.08193
v 0.16790 0.50917 0.04203
v 0.11468 0.49179 0.07275
v 0.15932 0.55963 0.01055
v 0.15932 0.55963 0.01055
v -0.08885 0.09850 -0.13553
v -0.08885 0.09850 -0.13553
v -0.17698 0.07330 -0.00603
v -0.18310 -0.00934 -0.09757
v -0.21317 0.00515 0.00040
v -0.18310 -0.00934 -0.09757
v -0.18310 -0.00934 -0.09757
v -0.18310 -0.00934 -0.09757
v -0.11397 -0.02634 -0.14113
v -0.08885 0.09850 -0.13553
v -0.03815 -0.02827 -0.15312
v -0.00029 0.06836 -0.13110
v -0.00029 0.06836 -0.13110
v -0.00029 0.06836 -0.13110
v 0.03671 -0.02827 -0.15312
v 0.08741 0.09850 -0.13553
v 0.11253 -0.02634 -0.14113
v 0.08741 0.09850 -0.13553
v 0.18166 -0.00934 -0.09757
v 0.17554 0.07330 -0.00603
v 0.21172 0.00515 0.00040
v 0.21172 0.00515 0.00040
v -0.79452 0.52144 -0.07948
v -0.79452 0.52144 -0.07948
v -0.73855 0.50056 -0.08198
v -0.72563 0.49083 -0.05171
v -0.70806 0.50672 -0.07846
v -0.69614 0.50179 -0.03129
v -0.69614 0.50179 -0.03129
v -0.72563 0.49083 -0.05171
v -0.72563 0.49083 -0.05171
v -0.72563 0.49083 -0.05171
v -0.76569 0.51044 -0.03471
v -0.79452 0.52144 -0.07948
v -0.80486 0.50746 -0.01323
v -0.81171 0.50993 -0.07482
v -0.81171 0.50993 -0.07482
v -0.00918 0.66844 0.11291
v -0.00918 0.66844 0.11291
v -0.00918 0.66844 0.11291
v -0.00039 0.67670 0.11404
v -0.00918 0.66844 0.11291
v -0.01824 0.68032 0.09849
v -0.01649 0.66716 0.10806
v -0.02553 0.67774 0.09045
v -0.01649 0.66716 0.10806
v -0.02258 0.66159 0.09997
v -0.00969 0.66501 0.10926
v -0.00969 0.66501 0.10926
v -0.05621 0.70615 0.09301
v -0.05621 0.70615 0.09301
v -0.05621 0.70615 0.09301
v -0.04957 0.69896 0.09647
v -0.05621 0.70615 0.09301
v -0.04921 0.71289 0.10071
v -0.06079 0.72296 0.08670
v -0.04880 0.72905 0.10563
v -0.05988 0.72475 0.08613
v -0.05988 0.72475 0.08613
v -0.04275 0.80121 0.00959
v -0.04275 0.80121 0.00959
v -0.04275 0.80121 0.00959
v -0.02065 0.80754 0.05279
v -0.00046 0.81583 0.02291
v -0.00059 0.81244 0.05336
v 0.01972 0.80633 0.05279
v 0.01972 0.80633 0.05279
v 0.78895 0.49512 -0.02641
v 0.78895 0.49512 -0.02641
v 0.78895 0.49512 -0.02641
v 0.78691 0.49306 -0.00594
v 0.75681 0.47346 -0.02185
v 0.75261 0.47696 0.00155
v 0.71900 0.49711 -0.01367
v 0.71900 0.49711 -0.01367
v -0.42508 0.55704 -0.01515
v -0.42508 0.55704 -0.01515
v -0.42508 0.55704 -0.01515
v -0.23607 0.55943 -0.00854
v -0.41243 0.56879 -0.06997
v -0.23093 0.56964 -0.06640
v -0.40889 0.55033 -0.13555
v -0.40889 0.55033 -0.13555
v -0.71193 0.49393 -0.01208
v -0.71193 0.49393 -0.01208
v -0.71193 0.49393 -0.01208
v -0.74430 0.47200 0.00334
v -0.74852 0.46837 -0.02004
v -0.77946 0.48631 -0.00379
v -0.78178 0.48834 -0.02423
v -0.78178 0.48834 -0.02423
v -0.01886 0.68105 0.10673
v -0.01886 0.68105 0.10673
v -0.01886 0.68105 0.10673
v -0.00733 0.68194 0.11996
v -0.01281 0.69445 0.10954
v -0.00870 0.69497 0.11535
v -0.01111 0.70995 0.10810
v -0.01111 0.70995 0.10810
v 0.00984 0.77674 0.09488
v 0.00984 0.77674 0.09488
v 0.00984 0.77674 0.09488
v 0.01813 0.72780 0.11186
v 0.02301 0.77332 0.09251
v 0.02934 0.72838 0.10897
v 0.03340 0.77223 0.08099
v 0.03340 0.77223 0.08099
v 0.04860 -0.36515 0.00789
v 0.04860 -0.36515 0.00789
v 0.04860 -0.36515 0.00789
v 0.03669 -0.08421 0.10835
v 0.00522 -0.10991 0.02782
v -0.00072 -0.06642 0.12270
v -0.00647 -0.10986 0.02752
v -0.00647 -0.10986 0.02752
v -0.08709 -0.35234 -0.10564
v -0.08709 -0.35234 -0.10564
v -0.08709 -0.35234 -0.10564
v -0.09196 -0.40983 -0.10697
v -0.15714 -0.34940 -0.09238
v -0.15983 -0.40689 -0.09262
v -0.20066 -0.41499 -0.03044
v -0.20066 -0.41499 -0.03044
v 0.05771 -0.48668 -0.00198
v 0.05771 -0.48668 -0.00198
v 0.05771 -0.48668 -0.00198
v 0.05799 -0.77994 -0.05275
v 0.09524 -0.75148 0.02063
v 0.07869 -0.85406 -0.04302
v 0.09524 -0.75148 0.02063
v 0.10142 -0.85707 0.02027
v 0.14555 -0.83469 0.07356
v 0.14555 -0.83469 0.07356
v -0.06180 0.69412 0.02501
v -0.06180 0.69412 0.02501
v -0.06180 0.69412 0.02501
v -0.05814 0.70783 0.05814
v -0.07785 0.69220 0.00086
v -0.05749 0.74260 0.05559
v -0.06739 0.76704 0.01150
v -0.06739 0.76704 0.01150
v 0.11369 -0.78793 -0.15508
v 0.11369 -0.78793 -0.15508
v 0.11369 -0.78793 -0.15508
v 0.05799 -0.77994 -0.05275
v 0.06719 -0.48429 -0.07492
v 0.05771 -0.48668 -0.00198
v 0.06719 -0.48429 -0.07492
v 0.05173 -0.42939 -0.00127
v 0.06049 -0.42009 -0.06893
v 0.06049 -0.42009 -0.06893
v 0.14116 0.10658 0.12894
v 0.14116 0.10658 0.12894
v 0.14116 0.10658 0.12894
v 0.09767 -0.03682 0.16034
v 0.16790 -0.02613 0.10999
v 0.16790 -0.02613 0.10999
v 0.18832 0.16714 -0.00366
v 0.18832 0.16714 -0.00366
v 0.18832 0.16714 -0.00366
v 0.14116 0.10658 0.12894
v 0.19591 0.11169 -0.00217
v 0.16790 -0.02613 0.10999
v 0.21172 0.00515 0.00040
v 0.21172 0.00515 0.00040
v 0.08852 0.56938 0.00509
v 0.08852 0.56938 0.00509
v 0.08852 0.56938 0.00509
v 0.05883 0.60568 -0.01851
v 0.06371 0.53271 0.07155
v 0.05193 0.59603 0.00196
v 0.06371 0.53271 0.07155
v 0.03316 0.57425 0.04087
v -0.00070 0.47565 0.11359
v -0.00070 0.47565 0.11359
v 0.13137 0.24946 0.10567
v 0.13137 0.24946 0.10567
v 0.13137 0.24946 0.10567
v 0.16525 0.40961 0.08193
v 0.10788 0.39308 0.11279
v 0.11468 0.49179 0.07275
v 0.06520 0.48936 0.09531
v 0.06520 0.48936 0.09531
v 0.11253 -0.02634 -0.14113
v 0.11253 -0.02634 -0.14113
v 0.11253 -0.02634 -0.14113
v 0.03671 -0.02827 -0.15312
v 0.08741 0.09850 -0.13553
v -0.00072 0.09939 -0.14437
v -0.00072 0.16209 -0.13439
v -0.00072 0.16209 -0.13439
v -0.00072 0.16209 -0.13439
v -0.00072 0.16209 -0.13439
v -0.00072 0.16209 -0.13439
v -0.00072 0.09939 -0.14437
v -0.08885 0.09850 -0.13553
v -0.03815 -0.02827 -0.15312
v -0.11397 -0.02634 -0.14113
v -0.11397 -0.02634 -0.14113
v 0.02686 0.75331 -0.07545
v 0.02686 0.75331 -0.07545
v 0.02686 0.75331 -0.07545
v 0.01944 0.78369 -0.05940
v 0.03888 0.78239 -0.04994
v -0.00046 0.79999 -0.04525
v 0.03839 0.79906 -0.02053
v 0.03839 0.79906 -0.02053
v 0.03839 0.79906 -0.02053
v 0.06647 0.76704 0.01150
v 0.03888 0.78239 -0.04994
v 0.06065 0.75437 -0.04189
v 0.02686 0.75331 -0.07545
v 0.03664 0.70059 -0.07183
v -0.00046 0.69303 -0.08606
v -0.00046 0.67248 -0.07856
v -0.00046 0.69303 -0.08606
v -0.03757 0.70059 -0.07183
v -0.02778 0.75331 -0.07545
v -0.06158 0.75437 -0.04189
v -0.02778 0.75331 -0.07545
v -0.03981 0.78239 -0.04994
v -0.02037 0.78369 -0.05940
v -0.00046 0.79999 -0.04525
v -0.00046 0.78268 -0.06981
v 0.01944 0.78369 -0.05940
v -0.00046 0.75170 -0.08334
v 0.02686 0.75331 -0.07545
v -0.00046 0.75170 -0.08334
v -0.00046 0.69303 -0.08606
v -0.00046 0.75170 -0.08334
v -0.02778 0.75331 -0.07545
v -0.00046 0.75170 -0.08334
v -0.02037 0.78369 -0.05940
v -0.00046 0.78268 -0.06981
v -0.00046 0.78268 -0.06981
v 0.41423 0.55257 -0.13555
v 0.41423 0.55257 -0.13555
v 0.41423 0.55257 -0.13555
v 0.22949 0.57490 -0.06640
v 0.41778 0.57103 -0.06997
v 0.23462 0.56565 -0.00854
v 0.43042 0.55097 -0.02226
v 0.43042 0.55097 -0.02226
v 0.01536 0.69760 0.10805
v 0.01536 0.69760 0.10805
v 0.01536 0.69760 0.10805
v 0.03290 0.69433 0.10195
v 0.03213 0.71382 0.10680
v 0.04864 0.69896 0.09647
v 0.04823 0.71524 0.10142
v 0.04823 0.71524 0.10142
v 0.04823 0.71524 0.10142
v 0.04788 0.72905 0.10563
v 0.03213 0.71382 0.10680
v 0.03150 0.72926 0.11044
v 0.01536 0.69760 0.10805
v 0.01398 0.71902 0.11351
v 0.01056 0.70244 0.10999
v 0.01398 0.71902 0.11351
v 0.00621 0.71174 0.11151
v 0.01398 0.71902 0.11351
v 0.00409 0.72022 0.11324
v 0.01341 0.72778 0.11575
v -0.00046 0.72370 0.11444
v -0.00046 0.72695 0.11477
v -0.00046 0.72370 0.11444
v -0.01434 0.72778 0.11575
v -0.00579 0.72005 0.11355
v -0.01488 0.71942 0.11361
v -0.00715 0.71244 0.11220
v -0.01113 0.70365 0.10986
v -0.01113 0.70365 0.10986
v -0.01488 0.71942 0.11361
v -0.01629 0.69760 0.10805
v -0.03299 0.72947 0.11027
v -0.03319 0.71395 0.10679
v -0.04880 0.72905 0.10563
v -0.03319 0.71395 0.10679
v -0.04921 0.71289 0.10071
v -0.03319 0.71395 0.10679
v -0.04957 0.69896 0.09647
v -0.03319 0.71395 0.10679
v -0.03340 0.69310 0.10210
v -0.01629 0.69760 0.10805
v -0.01629 0.69760 0.10805
v 0.00956 0.70995 0.10810
v 0.00956 0.70995 0.10810
v 0.00956 0.70995 0.10810
v 0.00723 0.69497 0.11535
v 0.01134 0.69445 0.10954
v 0.00587 0.68194 0.11996
v 0.01739 0.68105 0.10673
v 0.01739 0.68105 0.10673
v -0.19565 0.40278 -0.13687
v -0.19565 0.40278 -0.13687
v -0.19565 0.40278 -0.13687
v -0.15537 0.53322 -0.11408
v -0.11116 0.47465 -0.14046
v -0.13354 0.54657 -0.10353
v -0.06493 0.56837 -0.08048
v -0.06493 0.56837 -0.08048
v 0.07954 0.67713 0.00632
v 0.07954 0.67713 0.00632
v 0.07954 0.67713 0.00632
v 0.07059 0.65156 -0.02543
v 0.06582 0.67276 -0.03231
v 0.03265 0.64746 -0.06562
v 0.03360 0.67553 -0.06465
v 0.03360 0.67553 -0.06465
v -0.20708 -0.94299 0.04481
v -0.20708 -0.94299 0.04481
v -0.20708 -0.94299 0.04481
v -0.19052 -0.94119 -0.02762
v -0.09916 -0.94119 -0.02398
v -0.17782 -0.94299 -0.09791
v -0.09239 -0.94299 -0.10057
v -0.09239 -0.94299 -0.10057
v 0.09095 -0.94299 -0.10057
v 0.09095 -0.94299 -0.10057
v 0.09095 -0.94299 -0.10057
v 0.17638 -0.94299 -0.09791
v 0.09772 -0.94119 -0.02398
v 0.18908 -0.94119 -0.02762
v 0.09772 -0.94119 -0.02398
v 0.20564 -0.94299 0.04481
v 0.09084 -0.94299 0.04952
v 0.10725 -0.93613 0.13284
v 0.10725 -0.93613 0.13284
v -0.15101 -0.93128 0.16003
v -0.15101 -0.93128 0.16003
v -0.19152 -0.93613 0.12987
v -0.10869 -0.93613 0.13284
v -0.20708 -0.94299 0.04481
v -0.09228 -0.94299 0.04952
v -0.09916 -0.94119 -0.02398
v -0.09916 -0.94119 -0.02398
v 0.00825 0.66374 0.10926
v 0.00825 0.66374 0.10926
v 0.02114 0.65856 0.09997
v 0.01505 0.66413 0.10806
v 0.02114 0.65856 0.09997
v 0.02114 0.65856 0.09997
v 0.00825 0.66374 0.10926
v 0.01001 0.65627 0.11253
v -0.00046 0.65557 0.11729
v -0.00046 0.64550 0.11298
v -0.01145 0.65627 0.11253
v -0.01871 0.64381 0.09901
v -0.02650 0.64727 0.09381
v -0.01871 0.64381 0.09901
v -0.01871 0.64381 0.09901
v -0.01871 0.64381 0.09901
v -0.02650 0.64727 0.09381
v -0.02991 0.63176 0.08806
v -0.02991 0.63176 0.08806
v -0.02991 0.63176 0.08806
v -0.02650 0.64727 0.09381
v -0.02991 0.63176 0.08806
v -0.04060 0.63761 0.07579
v -0.04717 0.63128 0.03516
v -0.05211 0.64756 0.06411
v -0.05790 0.64366 0.02383
v -0.05295 0.66999 0.06022
v -0.05971 0.67100 0.02000
v -0.05295 0.66999 0.06022
v -0.06180 0.69412 0.02501
v -0.05711 0.69373 0.06036
v -0.05814 0.70783 0.05814
v -0.05142 0.70218 0.07492
v -0.04830 0.72122 0.08203
v -0.04046 0.71352 0.09047
v -0.04149 0.72063 0.09096
v -0.02775 0.72508 0.09649
v -0.03078 0.73543 0.10897
v -0.01165 0.71988 0.09638
v -0.01958 0.73260 0.11186
v -0.01242 0.72932 0.11371
v -0.00046 0.75177 0.10794
v -0.00045 0.72749 0.11485
v 0.01087 0.72991 0.11371
v 0.00593 0.72254 0.10707
v 0.01188 0.72013 0.09602
v 0.00956 0.70995 0.10810
v 0.01721 0.68922 0.09733
v 0.01134 0.69445 0.10954
v 0.01721 0.68922 0.09733
v 0.01677 0.68032 0.09849
v 0.01721 0.68922 0.09733
v 0.02409 0.67350 0.09181
v 0.02036 0.71519 0.09557
v 0.03821 0.71255 0.09055
v 0.02466 0.72501 0.09649
v 0.03876 0.72105 0.09096
v 0.02934 0.72838 0.10897
v 0.04213 0.73004 0.09600
v 0.03340 0.77223 0.08099
v 0.05657 0.74260 0.05673
v 0.06647 0.76704 0.01150
v 0.07978 0.69220 0.00342
v 0.07188 0.70234 -0.03355
v 0.06582 0.67276 -0.03231
v 0.03664 0.70059 -0.07183
v 0.03360 0.67553 -0.06465
v -0.00046 0.67248 -0.07856
v 0.03265 0.64746 -0.06562
v -0.00049 0.64756 -0.08312
v -0.00050 0.63159 -0.06010
v -0.03358 0.64746 -0.06617
v -0.03300 0.63276 -0.05044
v -0.05671 0.63728 -0.02212
v -0.03413 0.61468 -0.05430
v -0.05671 0.63728 -0.02212
v -0.05604 0.60607 -0.02098
v -0.05141 0.64108 0.01383
v -0.05297 0.59603 0.00195
v -0.05141 0.64108 0.01383
v -0.03420 0.57425 0.04088
v -0.04717 0.63128 0.03516
v -0.03538 0.62164 0.05156
v -0.03538 0.62164 0.05156
v -0.00039 0.67670 0.11404
v -0.00039 0.67670 0.11404
v 0.00773 0.66590 0.11291
v 0.01677 0.68032 0.09849
v 0.01505 0.66413 0.10806
v 0.02409 0.67350 0.09181
v 0.02114 0.65856 0.09997
v 0.02114 0.65856 0.09997
v 0.04864 0.69896 0.09647
v 0.04864 0.69896 0.09647
v 0.05571 0.70739 0.09311
v 0.04823 0.71524 0.10142
v 0.05932 0.72511 0.08499
v 0.04788 0.72905 0.10563
v 0.05895 0.72656 0.08613
v 0.05895 0.72656 0.08613
v 0.08131 -0.05199 0.13982
v 0.08131 -0.05199 0.13982
v 0.12130 -0.35083 0.09166
v 0.16078 -0.05177 0.09657
v 0.16078 -0.05177 0.09657
v -0.00072 0.08652 0.13893
v -0.00072 0.08652 0.13893
v -0.00072 0.08652 0.13893
v 0.08131 -0.05199 0.13982
v 0.09172 0.08470 0.12302
v 0.16078 -0.05177 0.09657
v 0.14297 0.08313 0.11155
v 0.17554 0.07330 -0.00603
v 0.17554 0.07330 -0.00603
v 0.06200 0.69412 0.02501
v 0.06200 0.69412 0.02501
v 0.05879 0.67100 0.02000
v 0.07142 0.66998 0.01837
v 0.07142 0.66998 0.01837
v 0.05843 0.70783 0.05814
v 0.05843 0.70783 0.05814
v 0.05843 0.70783 0.05814
v 0.05619 0.69373 0.06036
v 0.06200 0.69412 0.02501
v 0.05234 0.66999 0.06022
v 0.05879 0.67100 0.02000
v 0.05698 0.64366 0.02383
v 0.05698 0.64366 0.02383
v -0.01097 0.62849 0.10873
v -0.01097 0.62849 0.10873
v -0.01237 0.61675 0.10429
v -0.00046 0.62545 0.11364
v -0.00046 0.62545 0.11364
v 0.02898 0.63176 0.08806
v 0.02898 0.63176 0.08806
v 0.02898 0.63176 0.08806
v 0.01187 0.62849 0.10704
v 0.01144 0.61675 0.10429
v -0.00046 0.62545 0.11364
v -0.00046 0.61148 0.10463
v -0.01237 0.61675 0.10429
v -0.01237 0.61675 0.10429
v 0.07031 0.01351 -0.13272
v 0.07031 0.01351 -0.13272
v -0.00072 -0.05076 -0.11605
v -0.00029 0.06836 -0.13110
v -0.07175 0.01351 -0.13272
v -0.07124 0.06768 -0.13547
v -0.14767 0.06972 -0.10555
v -0.14767 0.06972 -0.10555
v -0.77946 0.48631 -0.00379
v -0.77946 0.48631 -0.00379
v -0.81254 0.51316 0.01199
v -0.80631 0.48612 0.00389
v -0.82739 0.51609 -0.06260
v -0.81701 0.48685 -0.06559
v -0.80952 0.49748 -0.07550
v -0.80952 0.49748 -0.07550
v -0.72736 0.53731 -0.07466
v -0.72736 0.53731 -0.07466
v -0.80144 0.54125 -0.06741
v -0.72252 0.54436 -0.04469
v -0.79443 0.54256 -0.01088
v -0.71713 0.52841 -0.00996
v -0.77452 0.52285 0.01191
v -0.77452 0.52285 0.01191
v -0.08993 0.56938 0.00512
v -0.08993 0.56938 0.00512
v -0.07083 0.58673 -0.05208
v -0.16077 0.55963 0.01055
v -0.15246 0.57067 -0.04389
v -0.18438 0.56698 -0.00280
v -0.18310 0.57414 -0.05990
v -0.18310 0.57414 -0.05990
v 0.63096 0.55947 -0.06271
v 0.63096 0.55947 -0.06271
v 0.63332 0.52128 -0.03267
v 0.70782 0.53014 -0.02199
v 0.70782 0.53014 -0.02199
v 0.63234 0.54821 -0.10299
v 0.63234 0.54821 -0.10299
v 0.63234 0.54821 -0.10299
v 0.52370 0.57908 -0.08039
v 0.63096 0.55947 -0.06271
v 0.52389 0.55416 -0.02858
v 0.63332 0.52128 -0.03267
v 0.53417 0.50135 -0.03502
v 0.53417 0.50135 -0.03502
v 0.00065 0.56174 0.05389
v 0.00065 0.56174 0.05389
v -0.00070 0.47565 0.11359
v 0.03316 0.57425 0.04087
v 0.03316 0.57425 0.04087
v 0.07954 0.67713 0.00632
v 0.07954 0.67713 0.00632
v 0.07954 0.67713 0.00632
v 0.05816 0.66929 0.00913
v 0.07059 0.65156 -0.02543
v 0.05578 0.63728 -0.02212
v 0.03265 0.64746 -0.06562
v 0.03208 0.63276 -0.05044
v -0.00050 0.63159 -0.06010
v -0.00050 0.63159 -0.06010
v -0.16670 0.40961 0.08193
v -0.16670 0.40961 0.08193
v -0.16670 0.40961 0.08193
v -0.11608 0.49179 0.07275
v -0.16935 0.50917 0.04203
v -0.16935 0.50917 0.04203
v -0.06660 0.48936 0.09531
v -0.06660 0.48936 0.09531
v -0.06660 0.48936 0.09531
v -0.06511 0.53271 0.07155
v -0.06660 0.48936 0.09531
v -0.11608 0.49179 0.07275
v -0.10933 0.39308 0.11279
v -0.16670 0.40961 0.08193
v -0.13281 0.24946 0.10567
v -0.18502 0.27621 -0.01565
v -0.18976 0.16714 -0.00366
v -0.18976 0.16714 -0.00366
v -0.00286 0.59113 -0.08677
v -0.00286 0.59113 -0.08677
v -0.00286 0.59113 -0.08677
v -0.00236 0.62380 -0.08234
v 0.06942 0.58673 -0.05217
v 0.05083 0.62374 -0.06282
v 0.06942 0.58673 -0.05217
v 0.05883 0.60568 -0.01851
v 0.08852 0.56938 0.00509
v 0.06478 0.55900 0.07765
v 0.08852 0.56938 0.00509
v 0.08531 0.53568 0.07087
v 0.13252 0.50683 0.06905
v 0.13252 0.50683 0.06905
v -0.13392 0.50683 0.06905
v -0.13392 0.50683 0.06905
v -0.13392 0.50683 0.06905
v -0.08671 0.53568 0.07087
v -0.08993 0.56938 0.00512
v -0.06619 0.55900 0.07770
v -0.08993 0.56938 0.00512
v -0.06023 0.60568 -0.01849
v -0.07083 0.58673 -0.05208
v -0.05224 0.62374 -0.06269
v -0.07083 0.58673 -0.05208
v -0.00236 0.62380 -0.08234
v -0.00286 0.59113 -0.08677
v -0.00286 0.59113 -0.08677
v -0.00918 0.66844 0.11291
v -0.00918 0.66844 0.11291
v -0.00918 0.66844 0.11291
v -0.00046 0.66789 0.11664
v -0.00039 0.67670 0.11404
v -0.00039 0.67670 0.11404
v -0.01649 0.66716 0.10806
v -0.01649 0.66716 0.10806
v -0.01649 0.66716 0.10806
v -0.00969 0.66501 0.10926
v -0.00918 0.66844 0.11291
v -0.00046 0.66315 0.11319
v -0.00046 0.66789 0.11664
v 0.00773 0.66590 0.11291
v -0.00039 0.67670 0.11404
v -0.00039 0.67670 0.11404
v 0.10837 -0.78433 -0.00573
v 0.10837 -0.78433 -0.00573
v 0.10837 -0.78433 -0.00573
v 0.10142 -0.85707 0.02027
v 0.14538 -0.79372 -0.00246
v 0.14538 -0.79372 -0.00246
v -0.22432 -0.78203 -0.04791
v -0.22432 -0.78203 -0.04791
v -0.22432 -0.78203 -0.04791
v -0.20738 -0.47234 -0.03296
v -0.18392 -0.78940 -0.14732
v -0.16684 -0.47893 -0.10304
v -0.11513 -0.78793 -0.15508
v -0.11048 -0.48184 -0.11544
v -0.06986 -0.48429 -0.07492
v -0.06986 -0.48429 -0.07492
v -0.03299 0.72947 0.11027
v -0.03299 0.72947 0.11027
v -0.03299 0.72947 0.11027
v -0.01488 0.71942 0.11361
v -0.01434 0.72778 0.11575
v -0.01434 0.72778 0.11575
v -0.08275 -0.05199 0.13982
v -0.08275 -0.05199 0.13982
v -0.08275 -0.05199 0.13982
v -0.16222 -0.05177 0.09657
v -0.12279 -0.35083 0.09166
v -0.12279 -0.35083 0.09166
v -0.06058 -0.48668 -0.00198
v -0.06058 -0.48668 -0.00198
v -0.06058 -0.48668 -0.00198
v -0.05473 -0.42939 -0.00127
v -0.07515 -0.42889 0.04303
v -0.05167 -0.36515 0.00789
v -0.12279 -0.35083 0.09166
v -0.03813 -0.08421 0.10835
v -0.08275 -0.05199 0.13982
v -0.00072 -0.06642 0.12270
v -0.00072 -0.06642 0.12270
v 0.51691 0.55710 -0.12911
v 0.51691 0.55710 -0.12911
v 0.46048 0.54171 -0.12046
v 0.46130 0.56176 -0.07916
v 0.46130 0.56176 -0.07916
v 0.47295 0.49465 -0.04282
v 0.47295 0.49465 -0.04282
v 0.47295 0.49465 -0.04282
v 0.53417 0.50135 -0.03502
v 0.46381 0.54181 -0.03941
v 0.52389 0.55416 -0.02858
v 0.46130 0.56176 -0.07916
v 0.52370 0.57908 -0.08039
v 0.51691 0.55710 -0.12911
v 0.63234 0.54821 -0.10299
v 0.63234 0.54821 -0.10299
v 0.83271 0.52505 -0.06529
v 0.83271 0.52505 -0.06529
v 0.81727 0.51804 -0.07734
v 0.80544 0.54881 -0.06995
v 0.79947 0.52862 -0.08189
v 0.73161 0.54098 -0.07654
v 0.74464 0.50484 -0.08382
v 0.73161 0.54098 -0.07654
v 0.71390 0.50941 -0.08006
v 0.71480 0.53716 -0.07676
v 0.63523 0.50786 -0.10676
v 0.63523 0.50786 -0.10676
v 0.81868 0.52167 0.00944
v 0.81868 0.52167 0.00944
v 0.83271 0.52505 -0.06529
v 0.79886 0.54998 -0.01337
v 0.80544 0.54881 -0.06995
v 0.72666 0.54789 -0.04655
v 0.73161 0.54098 -0.07654
v 0.71168 0.54474 -0.04993
v 0.71480 0.53716 -0.07676
v 0.71480 0.53716 -0.07676
v -0.19565 0.40278 -0.13687
v -0.19565 0.40278 -0.13687
v -0.18502 0.27621 -0.01565
v -0.21264 0.36670 -0.02561
v -0.21264 0.36670 -0.02561
v -0.17616 0.09687 -0.10387
v -0.17616 0.09687 -0.10387
v -0.17616 0.09687 -0.10387
v -0.18976 0.16714 -0.00366
v -0.16527 0.17901 -0.09243
v -0.18502 0.27621 -0.01565
v -0.14133 0.24811 -0.12606
v -0.19565 0.40278 -0.13687
v -0.11547 0.39174 -0.14890
v -0.11116 0.47465 -0.14046
v -0.11116 0.47465 -0.14046
v -0.62562 0.55723 -0.06271
v -0.62562 0.55723 -0.06271
v -0.62797 0.51490 -0.03267
v -0.51854 0.55192 -0.02858
v -0.52882 0.49911 -0.03502
v -0.46418 0.53957 -0.04395
v -0.47341 0.49241 -0.04711
v -0.42221 0.53001 -0.03516
v -0.43218 0.49522 -0.03595
v -0.42221 0.53001 -0.03516
v -0.42221 0.53001 -0.03516
v -0.42221 0.53001 -0.03516
v -0.41731 0.55443 -0.07120
v -0.46418 0.53957 -0.04395
v -0.46272 0.55952 -0.08374
v -0.51854 0.55192 -0.02858
v -0.51835 0.57684 -0.08039
v -0.62562 0.55723 -0.06271
v -0.62699 0.54597 -0.10299
v -0.71037 0.53438 -0.07504
v -0.62988 0.50149 -0.10676
v -0.71037 0.53438 -0.07504
v -0.70806 0.50672 -0.07846
v -0.72736 0.53731 -0.07466
v -0.73855 0.50056 -0.08198
v -0.72736 0.53731 -0.07466
v -0.79452 0.52144 -0.07948
v -0.80144 0.54125 -0.06741
v -0.81171 0.50993 -0.07482
v -0.80144 0.54125 -0.06741
v -0.82739 0.51609 -0.06260
v -0.79443 0.54256 -0.01088
v -0.81254 0.51316 0.01199
v -0.77452 0.52285 0.01191
v -0.77946 0.48631 -0.00379
v -0.77452 0.52285 0.01191
v -0.74430 0.47200 0.00334
v -0.77452 0.52285 0.01191
v -0.71193 0.49393 -0.01208
v -0.71713 0.52841 -0.00996
v -0.70256 0.52753 -0.02036
v -0.72252 0.54436 -0.04469
v -0.70742 0.54201 -0.04821
v -0.72736 0.53731 -0.07466
v -0.71037 0.53438 -0.07504
v -0.71037 0.53438 -0.07504
v -0.70742 0.54201 -0.04821
v -0.62562 0.55723 -0.06271
v -0.70256 0.52753 -0.02036
v -0.62797 0.51490 -0.03267
v -0.69614 0.50179 -0.03129
v -0.62956 0.48723 -0.07582
v -0.70806 0.50672 -0.07846
v -0.62956 0.48723 -0.07582
v -0.62988 0.50149 -0.10676
v -0.52436 0.45847 -0.08838
v -0.51812 0.49790 -0.13636
v -0.46749 0.47039 -0.08929
v -0.46825 0.49461 -0.12858
v -0.42224 0.46656 -0.07149
v -0.40755 0.48695 -0.12516
v -0.42224 0.46656 -0.07149
v -0.42224 0.46656 -0.07149
v -0.42224 0.46656 -0.07149
v -0.43218 0.49522 -0.03595
v -0.46749 0.47039 -0.08929
v -0.47341 0.49241 -0.04711
v -0.52436 0.45847 -0.08838
v -0.52882 0.49911 -0.03502
v -0.62956 0.48723 -0.07582
v -0.62797 0.51490 -0.03267
v -0.62797 0.51490 -0.03267
v 0.81109 0.51546 -0.01569
v 0.81109 0.51546 -0.01569
v 0.79947 0.52862 -0.08189
v 0.81727 0.51804 -0.07734
v 0.81727 0.51804 -0.07734
v 0.81109 0.51546 -0.01569
v 0.81109 0.51546 -0.01569
v 0.81109 0.51546 -0.01569
v 0.77163 0.51631 -0.03683
v 0.79947 0.52862 -0.08189
v 0.73251 0.49456 -0.05340
v 0.74464 0.50484 -0.08382
v 0.73251 0.49456 -0.05340
v 0.71390 0.50941 -0.08006
v 0.70266 0.50405 -0.03276
v 0.71390 0.50941 -0.08006
v 0.63491 0.49360 -0.07582
v 0.63523 0.50786 -0.10676
v 0.52971 0.46071 -0.08838
v 0.52347 0.50014 -0.13636
v 0.46479 0.47263 -0.08488
v 0.46144 0.49685 -0.12404
v 0.46144 0.49685 -0.12404
v -0.17932 -0.89789 -0.10257
v -0.17932 -0.89789 -0.10257
v -0.17932 -0.89789 -0.10257
v -0.17782 -0.94299 -0.09791
v -0.17932 -0.89789 -0.10257
v -0.19052 -0.94119 -0.02762
v -0.19924 -0.90823 -0.01951
v -0.20708 -0.94299 0.04481
v -0.20552 -0.91155 0.04481
v -0.19152 -0.93613 0.12987
v -0.18669 -0.90625 0.12987
v -0.15101 -0.93128 0.16003
v -0.15070 -0.89522 0.15320
v -0.15070 -0.89522 0.15320
v 0.09244 -0.89789 -0.10073
v 0.09244 -0.89789 -0.10073
v 0.09244 -0.89789 -0.10073
v 0.09095 -0.94299 -0.10057
v 0.09244 -0.89789 -0.10073
v 0.09772 -0.94119 -0.02398
v 0.09936 -0.89789 -0.01605
v 0.09084 -0.94299 0.04952
v 0.09239 -0.91155 0.04934
v 0.10725 -0.93613 0.13284
v 0.11206 -0.90625 0.13227
v 0.14957 -0.93128 0.16003
v 0.14925 -0.89522 0.15320
v 0.14925 -0.89522 0.15320
v -0.46272 0.55952 -0.08374
v -0.46272 0.55952 -0.08374
v -0.46272 0.55952 -0.08374
v -0.41731 0.55443 -0.07120
v -0.41156 0.53607 -0.11894
v -0.41156 0.53607 -0.11894
v -0.62988 0.50149 -0.10676
v -0.62988 0.50149 -0.10676
v -0.62988 0.50149 -0.10676
v -0.62699 0.54597 -0.10299
v -0.51157 0.55486 -0.12911
v -0.51835 0.57684 -0.08039
v -0.51157 0.55486 -0.12911
v -0.46272 0.55952 -0.08374
v -0.46298 0.53947 -0.12505
v -0.41156 0.53607 -0.11894
v -0.46298 0.53947 -0.12505
v -0.40755 0.48695 -0.12516
v -0.46298 0.53947 -0.12505
v -0.46825 0.49461 -0.12858
v -0.51157 0.55486 -0.12911
v -0.51812 0.49790 -0.13636
v -0.62988 0.50149 -0.10676
v -0.62988 0.50149 -0.10676
v -0.04853 0.76579 0.05948
v -0.04853 0.76579 0.05948
v -0.04853 0.76579 0.05948
v -0.03432 0.77223 0.08099
v -0.02315 0.78655 0.08717
v -0.02394 0.77332 0.09251
v -0.02315 0.78655 0.08717
v -0.01077 0.77674 0.09488
v -0.00046 0.78784 0.09192
v -0.00046 0.77628 0.09701
v -0.00046 0.78784 0.09192
v 0.00984 0.77674 0.09488
v 0.02234 0.78464 0.08742
v 0.02301 0.77332 0.09251
v 0.03340 0.77223 0.08099
v 0.03340 0.77223 0.08099
v 0.01505 0.66413 0.10806
v 0.01505 0.66413 0.10806
v 0.01505 0.66413 0.10806
v 0.00773 0.66590 0.11291
v 0.00825 0.66374 0.10926
v -0.00046 0.66315 0.11319
v -0.00046 0.65557 0.11729
v -0.00969 0.66501 0.10926
v -0.01145 0.65627 0.11253
v -0.02258 0.66159 0.09997
v -0.02650 0.64727 0.09381
v -0.02650 0.64727 0.09381
v 0.19420 0.40278 -0.13687
v 0.19420 0.40278 -0.13687
v 0.19420 0.40278 -0.13687
v 0.21130 0.36670 -0.02561
v 0.18358 0.27621 -0.01565
v 0.18358 0.27621 -0.01565
v 0.11403 0.39174 -0.14890
v 0.11403 0.39174 -0.14890
v 0.11403 0.39174 -0.14890
v 0.19420 0.40278 -0.13687
v 0.13989 0.24811 -0.12606
v 0.18358 0.27621 -0.01565
v 0.16383 0.17901 -0.09243
v 0.18832 0.16714 -0.00366
v 0.17471 0.09687 -0.10387
v 0.19591 0.11169 -0.00217
v 0.17471 0.09687 -0.10387
v 0.21172 0.00515 0.00040
v 0.18166 -0.00934 -0.09757
v 0.18166 -0.00934 -0.09757
v 0.18166 -0.00934 -0.09757
v 0.11253 -0.02634 -0.14113
v 0.17471 0.09687 -0.10387
v 0.08741 0.09850 -0.13553
v 0.16383 0.17901 -0.09243
v -0.00072 0.16209 -0.13439
v 0.13989 0.24811 -0.12606
v -0.00072 0.24681 -0.13796
v 0.11403 0.39174 -0.14890
v -0.00072 0.39438 -0.15512
v 0.11403 0.39174 -0.14890
v -0.00072 0.47772 -0.14668
v 0.10972 0.47465 -0.14046
v -0.00124 0.56897 -0.10037
v 0.06353 0.56837 -0.08048
v -0.00286 0.59113 -0.08677
v 0.06353 0.56837 -0.08048
v 0.06942 0.58673 -0.05217
v 0.06353 0.56837 -0.08048
v 0.15102 0.57067 -0.04389
v 0.13209 0.54657 -0.10353
v 0.18166 0.57414 -0.05990
v 0.15392 0.53322 -0.11155
v 0.19835 0.53617 -0.12003
v 0.15392 0.53322 -0.11155
v 0.19420 0.40278 -0.13687
v 0.10972 0.47465 -0.14046
v 0.11403 0.39174 -0.14890
v 0.11403 0.39174 -0.14890
v -0.00070 0.68269 0.12319
v -0.00070 0.68269 0.12319
v 0.00587 0.68194 0.11996
v -0.00056 0.69567 0.12019
v 0.00723 0.69497 0.11535
v -0.00045 0.70928 0.11811
v 0.00956 0.70995 0.10810
v -0.00045 0.71986 0.11397
v 0.00593 0.72254 0.10707
v -0.00045 0.72749 0.11485
v -0.00045 0.72749 0.11485
v -0.07014 0.67276 -0.02897
v -0.07014 0.67276 -0.02897
v -0.07014 0.67276 -0.02897
v -0.03453 0.67553 -0.06465
v -0.03358 0.64746 -0.06617
v -0.03358 0.64746 -0.06617
v -0.07646 0.67891 0.00372
v -0.07646 0.67891 0.00372
v -0.07646 0.67891 0.00372
v -0.07479 0.65156 -0.02543
v -0.05975 0.66929 0.00913
v -0.05975 0.66929 0.00913
v -0.07086 0.67089 0.01844
v -0.07086 0.67089 0.01844
v -0.07086 0.67089 0.01844
v -0.07646 0.67891 0.00372
v -0.05975 0.66929 0.00913
v -0.05975 0.66929 0.00913
v -0.07646 0.67891 0.00372
v -0.07646 0.67891 0.00372
v -0.07646 0.67891 0.00372
v -0.07014 0.67276 -0.02897
v -0.07479 0.65156 -0.02543
v -0.03358 0.64746 -0.06617
v -0.07479 0.65156 -0.02543
v -0.05671 0.63728 -0.02212
v -0.05975 0.66929 0.00913
v -0.05141 0.64108 0.01383
v -0.05975 0.66929 0.00913
v -0.05971 0.67100 0.02000
v -0.07086 0.67089 0.01844
v -0.06180 0.69412 0.02501
v -0.07646 0.67891 0.00372
v -0.07785 0.69220 0.00086
v -0.07785 0.69220 0.00086
v 0.03150 0.72926 0.11044
v 0.03150 0.72926 0.11044
v 0.01341 0.72778 0.11575
v 0.01398 0.71902 0.11351
v 0.01398 0.71902 0.11351
v -0.10287 -0.85707 0.02027
v -0.10287 -0.85707 0.02027
v -0.10287 -0.85707 0.02027
v -0.10981 -0.78433 -0.00573
v -0.08013 -0.85406 -0.04302
v -0.09983 -0.79557 -0.11133
v -0.08494 -0.86983 -0.10138
v -0.12422 -0.79557 -0.12410
v -0.11788 -0.87055 -0.13397
v -0.15247 -0.79557 -0.11331
v -0.16700 -0.87325 -0.11538
v -0.19461 -0.87769 -0.04576
v -0.19461 -0.87769 -0.04576
v -0.08494 -0.86983 -0.10138
v -0.08494 -0.86983 -0.10138
v -0.05943 -0.77994 -0.05275
v -0.08013 -0.85406 -0.04302
v -0.08013 -0.85406 -0.04302
v -0.05473 -0.42939 -0.00127
v -0.05473 -0.42939 -0.00127
v -0.05473 -0.42939 -0.00127
v -0.06058 -0.48668 -0.00198
v -0.06986 -0.48429 -0.07492
v -0.05943 -0.77994 -0.05275
v -0.11513 -0.78793 -0.15508
v -0.08494 -0.86983 -0.10138
v -0.11513 -0.78793 -0.15508
v -0.11788 -0.87055 -0.13397
v -0.18392 -0.78940 -0.14732
v -0.16700 -0.87325 -0.11538
v -0.18392 -0.78940 -0.14732
v -0.19461 -0.87769 -0.04576
v -0.22432 -0.78203 -0.04791
v -0.18620 -0.85828 0.01468
v -0.18620 -0.85828 0.01468
v 0.18304 -0.48484 0.03976
v 0.18304 -0.48484 0.03976
v 0.20778 -0.47234 -0.03296
v 0.20091 -0.41499 -0.03044
v 0.16634 -0.47893 -0.10304
v 0.15917 -0.40689 -0.09262
v 0.10873 -0.48184 -0.11544
v 0.15917 -0.40689 -0.09262
v 0.08978 -0.40983 -0.10697
v 0.15642 -0.34940 -0.09238
v 0.08481 -0.35234 -0.10564
v 0.08244 -0.06261 -0.11019
v 0.02879 -0.09460 -0.08639
v 0.02879 -0.09460 -0.08639
v -0.17938 -0.34644 0.03565
v -0.17938 -0.34644 0.03565
v -0.19400 -0.24548 -0.01600
v -0.19329 -0.34866 -0.02654
v -0.19400 -0.24548 -0.01600
v -0.19400 -0.24548 -0.01600
v -0.15714 -0.34940 -0.09238
v -0.19329 -0.34866 -0.02654
v -0.20066 -0.41499 -0.03044
v -0.17938 -0.34644 0.03565
v -0.18414 -0.41523 0.02859
v -0.13492 -0.42370 0.08601
v -0.18318 -0.48484 0.03976
v -0.13419 -0.48746 0.07415
v -0.15184 -0.75646 0.06189
v -0.09668 -0.75148 0.02063
v -0.09668 -0.75148 0.02063
v -0.18414 -0.41523 0.02859
v -0.18414 -0.41523 0.02859
v -0.18414 -0.41523 0.02859
v -0.20066 -0.41499 -0.03044
v -0.18318 -0.48484 0.03976
v -0.18318 -0.48484 0.03976
v -0.04275 0.80121 0.00959
v -0.04275 0.80121 0.00959
v -0.04275 0.80121 0.00959
v -0.05197 0.79464 0.05263
v -0.02065 0.80754 0.05279
v -0.03840 0.79189 0.06798
v -0.00059 0.81244 0.05336
v -0.00046 0.80526 0.06613
v -0.00059 0.81244 0.05336
v 0.02079 0.80149 0.06163
v 0.01972 0.80633 0.05279
v 0.03997 0.78893 0.03833
v 0.01972 0.80633 0.05279
v 0.04183 0.80121 0.00959
v -0.00046 0.81583 0.02291
v -0.00046 0.81106 -0.01160
v -0.04275 0.80121 0.00959
v -0.04275 0.80121 0.00959
v 0.10837 -0.78433 -0.00573
v 0.10837 -0.78433 -0.00573
v 0.10837 -0.78433 -0.00573
v 0.10142 -0.85707 0.02027
v 0.10837 -0.78433 -0.00573
v 0.07869 -0.85406 -0.04302
v 0.09838 -0.79557 -0.11133
v 0.08349 -0.86983 -0.10138
v 0.12277 -0.79557 -0.12410
v 0.11644 -0.87055 -0.13397
v 0.15103 -0.79557 -0.11331
v 0.16556 -0.87325 -0.11538
v 0.15103 -0.79557 -0.11331
v 0.19316 -0.87769 -0.04576
v 0.16399 -0.78394 -0.01060
v 0.18476 -0.85828 0.01468
v 0.14538 -0.79372 -0.00246
v 0.14555 -0.83469 0.07356
v 0.14555 -0.83469 0.07356
v -0.00046 0.77628 0.09701
v -0.00046 0.77628 0.09701
v 0.01813 0.72780 0.11186
v 0.00984 0.77674 0.09488
v 0.00984 0.77674 0.09488
v -0.04853 0.76579 0.05948
v -0.04853 0.76579 0.05948
v -0.04853 0.76579 0.05948
v -0.05749 0.74260 0.05559
v -0.03432 0.77223 0.08099
v -0.03432 0.77223 0.08099
v 0.02466 0.72501 0.09649
v 0.02466 0.72501 0.09649
v 0.02466 0.72501 0.09649
v 0.02934 0.72838 0.10897
v 0.01188 0.72013 0.09602
v 0.01813 0.72780 0.11186
v 0.01087 0.72991 0.11371
v 0.01813 0.72780 0.11186
v -0.00046 0.75177 0.10794
v -0.00046 0.77628 0.09701
v -0.01958 0.73260 0.11186
v -0.01077 0.77674 0.09488
v -0.01958 0.73260 0.11186
v -0.02394 0.77332 0.09251
v -0.03078 0.73543 0.10897
v -0.03432 0.77223 0.08099
v -0.04357 0.73004 0.09600
v -0.05749 0.74260 0.05559
v -0.04830 0.72122 0.08203
v -0.05814 0.70783 0.05814
v -0.05814 0.70783 0.05814
v -0.03300 0.63276 -0.05044
v -0.03300 0.63276 -0.05044
v -0.00050 0.62107 -0.06345
v -0.03413 0.61468 -0.05430
v -0.03413 0.61468 -0.05430
v 0.07978 0.69220 0.00342
v 0.07978 0.69220 0.00342
v 0.07978 0.69220 0.00342
v 0.06200 0.69412 0.02501
v 0.07954 0.67713 0.00632
v 0.07142 0.66998 0.01837
v 0.05816 0.66929 0.00913
v 0.05879 0.67100 0.02000
v 0.05816 0.66929 0.00913
v 0.05044 0.64108 0.01383
v 0.05578 0.63728 -0.02212
v 0.05504 0.60607 -0.02097
v 0.05578 0.63728 -0.02212
v 0.03313 0.61468 -0.05430
v 0.03208 0.63276 -0.05044
v -0.00050 0.62107 -0.06345
v -0.00050 0.63159 -0.06010
v -0.03300 0.63276 -0.05044
v -0.03300 0.63276 -0.05044
v 0.18294 0.56698 -0.00280
v 0.18294 0.56698 -0.00280
v 0.21043 0.46714 0.02807
v 0.18294 0.56698 -0.00280
v 0.23462 0.56565 -0.00854
v 0.18166 0.57414 -0.05990
v 0.22949 0.57490 -0.06640
v 0.19835 0.53617 -0.12003
v 0.41423 0.55257 -0.13555
v 0.19420 0.40278 -0.13687
v 0.42468 0.48823 -0.14488
v 0.21130 0.36670 -0.02561
v 0.43672 0.44914 -0.07180
v 0.21130 0.36670 -0.02561
v 0.44007 0.48394 -0.01592
v 0.21043 0.46714 0.02807
v 0.43042 0.55097 -0.02226
v 0.23462 0.56565 -0.00854
v 0.23462 0.56565 -0.00854
v 0.41423 0.55257 -0.13555
v 0.41423 0.55257 -0.13555
v 0.41423 0.55257 -0.13555
v 0.41289 0.48919 -0.12515
v 0.42468 0.48823 -0.14488
v 0.42759 0.46880 -0.07149
v 0.43672 0.44914 -0.07180
v 0.43752 0.49746 -0.03595
v 0.44007 0.48394 -0.01592
v 0.42756 0.53225 -0.03516
v 0.43042 0.55097 -0.02226
v 0.42266 0.55667 -0.07120
v 0.41778 0.57103 -0.06997
v 0.41691 0.53831 -0.11894
v 0.41423 0.55257 -0.13555
v 0.41423 0.55257 -0.13555
v -0.18438 0.56698 -0.00280
v -0.18438 0.56698 -0.00280
v -0.18438 0.56698 -0.00280
v -0.23607 0.55943 -0.00854
v -0.21188 0.46713 0.02807
v -0.42508 0.55704 -0.01515
v -0.21188 0.46713 0.02807
v -0.43472 0.48170 -0.01592
v -0.21264 0.36670 -0.02561
v -0.43138 0.44690 -0.07180
v -0.21264 0.36670 -0.02561
v -0.41934 0.48599 -0.14488
v -0.19565 0.40278 -0.13687
v -0.40889 0.55033 -0.13555
v -0.20586 0.52899 -0.12163
v -0.23093 0.56964 -0.06640
v -0.18310 0.57414 -0.05990
v -0.23607 0.55943 -0.00854
v -0.18438 0.56698 -0.00280
v -0.18438 0.56698 -0.00280
v -0.40889 0.55033 -0.13555
v -0.40889 0.55033 -0.13555
v -0.40889 0.55033 -0.13555
v -0.41156 0.53607 -0.11894
v -0.41243 0.56879 -0.06997
v -0.41731 0.55443 -0.07120
v -0.42508 0.55704 -0.01515
v -0.42221 0.53001 -0.03516
v -0.43472 0.48170 -0.01592
v -0.43218 0.49522 -0.03595
v -0.43138 0.44690 -0.07180
v -0.42224 0.46656 -0.07149
v -0.41934 0.48599 -0.14488
v -0.40755 0.48695 -0.12516
v -0.40889 0.55033 -0.13555
v -0.40889 0.55033 -0.13555
v -0.70256 0.52753 -0.02036
v -0.70256 0.52753 -0.02036
v -0.70256 0.52753 -0.02036
v -0.71193 0.49393 -0.01208
v -0.69614 0.50179 -0.03129
v -0.69614 0.50179 -0.03129
v -0.01886 0.68105 0.10673
v -0.01886 0.68105 0.10673
v -0.01886 0.68105 0.10673
v -0.00058 0.67824 0.12159
v -0.00733 0.68194 0.11996
v -0.00733 0.68194 0.11996
v 0.01739 0.68105 0.10673
v 0.01739 0.68105 0.10673
v 0.01739 0.68105 0.10673
v 0.00587 0.68194 0.11996
v -0.00058 0.67824 0.12159
v -0.00070 0.68269 0.12319
v -0.00733 0.68194 0.11996
v -0.00056 0.69567 0.12019
v -0.00870 0.69497 0.11535
v -0.00045 0.70928 0.11811
v -0.01111 0.70995 0.10810
v -0.00045 0.71986 0.11397
v -0.00748 0.72254 0.10707
v -0.00045 0.72749 0.11485
v -0.00748 0.72254 0.10707
v -0.01242 0.72932 0.11371
v -0.00748 0.72254 0.10707
v -0.01165 0.71988 0.09638
v -0.01111 0.70995 0.10810
v -0.01868 0.68922 0.09733
v -0.01281 0.69445 0.10954
v -0.01824 0.68032 0.09849
v -0.01824 0.68032 0.09849
v -0.06158 0.75437 -0.04189
v -0.06158 0.75437 -0.04189
v -0.03757 0.70059 -0.07183
v -0.07280 0.70234 -0.03355
v -0.07280 0.70234 -0.03355
v -0.00070 0.47565 0.11359
v -0.00070 0.47565 0.11359
v -0.00070 0.47565 0.11359
v -0.03420 0.57425 0.04088
v -0.06619 0.55900 0.07770
v -0.05297 0.59603 0.00195
v -0.06023 0.60568 -0.01849
v -0.05604 0.60607 -0.02098
v -0.05224 0.62374 -0.06269
v -0.03413 0.61468 -0.05430
v -0.00236 0.62380 -0.08234
v -0.00050 0.62107 -0.06345
v -0.00236 0.62380 -0.08234
v 0.03313 0.61468 -0.05430
v 0.05083 0.62374 -0.06282
v 0.05504 0.60607 -0.02097
v 0.05883 0.60568 -0.01851
v 0.05193 0.59603 0.00196
v 0.06478 0.55900 0.07765
v 0.03316 0.57425 0.04087
v -0.00070 0.47565 0.11359
v -0.00070 0.47565 0.11359
v -0.19565 0.40278 -0.13687
v -0.19565 0.40278 -0.13687
v -0.19565 0.40278 -0.13687
v -0.20586 0.52899 -0.12163
v -0.15537 0.53322 -0.11408
v -0.18310 0.57414 -0.05990
v -0.13354 0.54657 -0.10353
v -0.15246 0.57067 -0.04389
v -0.06493 0.56837 -0.08048
v -0.07083 0.58673 -0.05208
v -0.06493 0.56837 -0.08048
v -0.00286 0.59113 -0.08677
v -0.06493 0.56837 -0.08048
v -0.00124 0.56897 -0.10037
v -0.11116 0.47465 -0.14046
v -0.00072 0.47772 -0.14668
v -0.11547 0.39174 -0.14890
v -0.00072 0.39438 -0.15512
v -0.11547 0.39174 -0.14890
v -0.00072 0.24681 -0.13796
v -0.14133 0.24811 -0.12606
v -0.00072 0.16209 -0.13439
v -0.16527 0.17901 -0.09243
v -0.08885 0.09850 -0.13553
v -0.17616 0.09687 -0.10387
v -0.11397 -0.02634 -0.14113
v -0.17616 0.09687 -0.10387
v -0.18310 -0.00934 -0.09757
v -0.17616 0.09687 -0.10387
v -0.21317 0.00515 0.00040
v -0.17616 0.09687 -0.10387
v -0.19735 0.11169 -0.00217
v -0.18976 0.16714 -0.00366
v -0.18976 0.16714 -0.00366
v -0.00072 0.08037 0.18226
v -0.00072 0.08037 0.18226
v -0.00072 0.08037 0.18226
v -0.09911 -0.03682 0.16034
v -0.02606 -0.02537 0.18227
v -0.02606 -0.02537 0.18227
v -0.18976 0.16714 -0.00366
v -0.18976 0.16714 -0.00366
v -0.18976 0.16714 -0.00366
v -0.13556 0.16529 0.12069
v -0.13281 0.24946 0.10567
v -0.13281 0.24946 0.10567
v 0.82385 0.49530 -0.06808
v 0.82385 0.49530 -0.06808
v 0.82385 0.49530 -0.06808
v 0.81572 0.50549 -0.07796
v 0.82385 0.49530 -0.06808
v 0.83271 0.52505 -0.06529
v 0.81380 0.49430 0.00150
v 0.81868 0.52167 0.00944
v 0.78691 0.49306 -0.00594
v 0.81868 0.52167 0.00944
v 0.78021 0.52936 0.00967
v 0.79886 0.54998 -0.01337
v 0.72242 0.53182 -0.01172
v 0.72666 0.54789 -0.04655
v 0.70782 0.53014 -0.02199
v 0.71168 0.54474 -0.04993
v 0.63096 0.55947 -0.06271
v 0.71480 0.53716 -0.07676
v 0.63234 0.54821 -0.10299
v 0.63523 0.50786 -0.10676
v 0.51691 0.55710 -0.12911
v 0.52347 0.50014 -0.13636
v 0.51691 0.55710 -0.12911
v 0.46144 0.49685 -0.12404
v 0.46048 0.54171 -0.12046
v 0.41289 0.48919 -0.12515
v 0.46048 0.54171 -0.12046
v 0.41691 0.53831 -0.11894
v 0.46130 0.56176 -0.07916
v 0.42266 0.55667 -0.07120
v 0.46381 0.54181 -0.03941
v 0.42756 0.53225 -0.03516
v 0.47295 0.49465 -0.04282
v 0.43752 0.49746 -0.03595
v 0.43752 0.49746 -0.03595
v 0.18358 0.27621 -0.01565
v 0.18358 0.27621 -0.01565
v 0.21130 0.36670 -0.02561
v 0.21043 0.46714 0.02807
v 0.21043 0.46714 0.02807
v 0.15102 0.57067 -0.04389
v 0.15102 0.57067 -0.04389
v 0.15102 0.57067 -0.04389
v 0.18294 0.56698 -0.00280
v 0.18166 0.57414 -0.05990
v 0.18166 0.57414 -0.05990
v 0.02462 -0.02537 0.18227
v 0.02462 -0.02537 0.18227
v 0.02462 -0.02537 0.18227
v 0.09767 -0.03682 0.16034
v -0.00072 0.08037 0.18226
v 0.14116 0.10658 0.12894
v 0.13412 0.16529 0.12069
v 0.18832 0.16714 -0.00366
v 0.13137 0.24946 0.10567
v 0.18358 0.27621 -0.01565
v 0.16525 0.40961 0.08193
v 0.21043 0.46714 0.02807
v 0.16790 0.50917 0.04203
v 0.18294 0.56698 -0.00280
v 0.15932 0.55963 0.01055
v 0.15102 0.57067 -0.04389
v 0.15932 0.55963 0.01055
v 0.06942 0.58673 -0.05217
v 0.15932 0.55963 0.01055
v 0.08852 0.56938 0.00509
v 0.11468 0.49179 0.07275
v 0.06371 0.53271 0.07155
v 0.06520 0.48936 0.09531
v -0.00070 0.47565 0.11359
v 0.06520 0.48936 0.09531
v -0.00072 0.38692 0.14127
v 0.10788 0.39308 0.11279
v -0.00072 0.25154 0.17879
v 0.13137 0.24946 0.10567
v -0.00072 0.17131 0.18823
v 0.13412 0.16529 0.12069
v -0.00072 0.08037 0.18226
v -0.00072 0.08037 0.18226
v 0.14691 -0.88015 0.09556
v 0.14691 -0.88015 0.09556
v 0.18525 -0.90625 0.12987
v 0.18185 -0.89016 0.07533
v 0.20408 -0.91155 0.04481
v 0.18476 -0.85828 0.01468
v 0.19780 -0.90823 -0.01951
v 0.15103 -0.79557 -0.11331
v 0.17788 -0.89789 -0.10257
v 0.12846 -0.90053 -0.13044
v 0.17638 -0.94299 -0.09791
v 0.12846 -0.90053 -0.13044
v 0.12725 -0.93718 -0.13031
v 0.12846 -0.90053 -0.13044
v 0.09095 -0.94299 -0.10057
v 0.12846 -0.90053 -0.13044
v 0.09244 -0.89789 -0.10073
v 0.09838 -0.79557 -0.11133
v 0.09936 -0.89789 -0.01605
v 0.10142 -0.85707 0.02027
v 0.09239 -0.91155 0.04934
v 0.11100 -0.89064 0.07320
v 0.11206 -0.90625 0.13227
v 0.14691 -0.88015 0.09556
v 0.14925 -0.89522 0.15320
v 0.18525 -0.90625 0.12987
v 0.14957 -0.93128 0.16003
v 0.18525 -0.90625 0.12987
v 0.19008 -0.93613 0.12987
v 0.20408 -0.91155 0.04481
v 0.20564 -0.94299 0.04481
v 0.19780 -0.90823 -0.01951
v 0.18908 -0.94119 -0.02762
v 0.17788 -0.89789 -0.10257
v 0.17638 -0.94299 -0.09791
v 0.17638 -0.94299 -0.09791
v -0.14836 -0.88015 0.09556
v -0.14836 -0.88015 0.09556
v -0.11350 -0.90625 0.13227
v -0.11244 -0.89064 0.07320
v -0.09383 -0.91155 0.04934
v -0.10287 -0.85707 0.02027
v -0.10080 -0.89789 -0.01605
v -0.09983 -0.79557 -0.11133
v -0.09388 -0.89789 -0.10073
v -0.12990 -0.90053 -0.13044
v -0.09239 -0.94299 -0.10057
v -0.12990 -0.90053 -0.13044
v -0.12869 -0.93718 -0.13031
v -0.12990 -0.90053 -0.13044
v -0.17782 -0.94299 -0.09791
v -0.12990 -0.90053 -0.13044
v -0.17932 -0.89789 -0.10257
v -0.15247 -0.79557 -0.11331
v -0.19924 -0.90823 -0.01951
v -0.18620 -0.85828 0.01468
v -0.20552 -0.91155 0.04481
v -0.18329 -0.89016 0.07533
v -0.18669 -0.90625 0.12987
v -0.14836 -0.88015 0.09556
v -0.15070 -0.89522 0.15320
v -0.11350 -0.90625 0.13227
v -0.15101 -0.93128 0.16003
v -0.11350 -0.90625 0.13227
v -0.10869 -0.93613 0.13284
v -0.09383 -0.91155 0.04934
v -0.09228 -0.94299 0.04952
v -0.10080 -0.89789 -0.01605
v -0.09916 -0.94119 -0.02398
v -0.09388 -0.89789 -0.10073
v -0.09239 -0.94299 -0.10057
v -0.09239 -0.94299 -0.10057
v -0.04275 0.80121 0.00959
v -0.04275 0.80121 0.00959
v -0.00046 0.81106 -0.01160
v -0.03932 0.79906 -0.02053
v -0.03932 0.79906 -0.02053
v -0.04275 0.80121 0.00959
v -0.04275 0.80121 0.00959
v -0.04275 0.80121 0.00959
v -0.03932 0.79906 -0.02053
v -0.06739 0.76704 0.01150
v -0.06739 0.76704 0.01150
v -0.07014 0.67276 -0.02897
v -0.07014 0.67276 -0.02897
v -0.07014 0.67276 -0.02897
v -0.07646 0.67891 0.00372
v -0.07785 0.69220 0.00086
v -0.07785 0.69220 0.00086
v -0.04275 0.80121 0.00959
v -0.04275 0.80121 0.00959
v -0.04275 0.80121 0.00959
v -0.06739 0.76704 0.01150
v -0.05197 0.79464 0.05263
v -0.04853 0.76579 0.05948
v -0.03840 0.79189 0.06798
v -0.02315 0.78655 0.08717
v -0.00046 0.80526 0.06613
v -0.00046 0.78784 0.09192
v -0.00046 0.80526 0.06613
v 0.02234 0.78464 0.08742
v 0.02079 0.80149 0.06163
v 0.03340 0.77223 0.08099
v 0.03997 0.78893 0.03833
v 0.06647 0.76704 0.01150
v 0.04183 0.80121 0.00959
v 0.03839 0.79906 -0.02053
v -0.00046 0.81106 -0.01160
v -0.00046 0.79999 -0.04525
v -0.03932 0.79906 -0.02053
v -0.03981 0.78239 -0.04994
v -0.06739 0.76704 0.01150
v -0.06158 0.75437 -0.04189
v -0.07785 0.69220 0.00086
v -0.07280 0.70234 -0.03355
v -0.07014 0.67276 -0.02897
v -0.03757 0.70059 -0.07183
v -0.03453 0.67553 -0.06465
v -0.00046 0.67248 -0.07856
v -0.03358 0.64746 -0.06617
v -0.00049 0.64756 -0.08312
v -0.00049 0.64756 -0.08312
v -0.00072 -0.05076 -0.11605
v -0.00072 -0.05076 -0.11605
v 0.00522 -0.10991 0.02782
v -0.00647 -0.10986 0.02752
v -0.00647 -0.10986 0.02752
v 0.17916 -0.34644 0.03565
v 0.17916 -0.34644 0.03565
v 0.17916 -0.34644 0.03565
v 0.13371 -0.42370 0.08601
v 0.18403 -0.41523 0.02859
v 0.18403 -0.41523 0.02859
v -0.00029 0.06836 -0.13110
v -0.00029 0.06836 -0.13110
v -0.00029 0.06836 -0.13110
v 0.06980 0.06768 -0.13547
v 0.07031 0.01351 -0.13272
v 0.14622 0.06972 -0.10555
v 0.14792 -0.05796 -0.07914
v 0.18977 -0.05519 -0.00979
v 0.19407 -0.24548 -0.01600
v 0.16078 -0.05177 0.09657
v 0.17916 -0.34644 0.03565
v 0.12130 -0.35083 0.09166
v 0.13371 -0.42370 0.08601
v 0.07260 -0.42889 0.04303
v 0.13371 -0.42370 0.08601
v 0.13296 -0.48746 0.07415
v 0.18304 -0.48484 0.03976
v 0.15039 -0.75646 0.06189
v 0.18304 -0.48484 0.03976
v 0.22288 -0.78203 -0.04791
v 0.20778 -0.47234 -0.03296
v 0.18248 -0.78940 -0.14732
v 0.16634 -0.47893 -0.10304
v 0.11369 -0.78793 -0.15508
v 0.10873 -0.48184 -0.11544
v 0.06719 -0.48429 -0.07492
v 0.08978 -0.40983 -0.10697
v 0.06049 -0.42009 -0.06893
v 0.04862 -0.35853 -0.07309
v 0.05173 -0.42939 -0.00127
v 0.04862 -0.35853 -0.07309
v 0.04860 -0.36515 0.00789
v 0.04862 -0.35853 -0.07309
v 0.00522 -0.10991 0.02782
v 0.02879 -0.09460 -0.08639
v -0.00072 -0.05076 -0.11605
v 0.08244 -0.06261 -0.11019
v 0.07031 0.01351 -0.13272
v 0.08244 -0.06261 -0.11019
v 0.14792 -0.05796 -0.07914
v 0.15642 -0.34940 -0.09238
v 0.19407 -0.24548 -0.01600
v 0.19338 -0.34866 -0.02655
v 0.17916 -0.34644 0.03565
v 0.20091 -0.41499 -0.03044
v 0.18403 -0.41523 0.02859
v 0.18304 -0.48484 0.03976
v 0.13371 -0.42370 0.08601
v 0.13371 -0.42370 0.08601
v 0.04624 0.63128 0.03516
v 0.04624 0.63128 0.03516
v 0.05698 0.64366 0.02383
v 0.05118 0.64756 0.06411
v 0.05234 0.66999 0.06022
v 0.03915 0.66110 0.08036
v 0.05619 0.69373 0.06036
v 0.05107 0.70191 0.07492
v 0.05843 0.70783 0.05814
v 0.04686 0.72122 0.08203
v 0.05657 0.74260 0.05673
v 0.04686 0.72122 0.08203
v 0.04213 0.73004 0.09600
v 0.04686 0.72122 0.08203
v 0.03876 0.72105 0.09096
v 0.04686 0.72122 0.08203
v 0.03821 0.71255 0.09055
v 0.05107 0.70191 0.07492
v 0.02409 0.67350 0.09181
v 0.03915 0.66110 0.08036
v 0.02114 0.65856 0.09997
v 0.02506 0.64727 0.09381
v 0.01001 0.65627 0.11253
v 0.01727 0.64381 0.09901
v -0.00046 0.64550 0.11298
v -0.00046 0.63743 0.11413
v -0.01871 0.64381 0.09901
v -0.01097 0.62849 0.10873
v -0.02991 0.63176 0.08806
v -0.01237 0.61675 0.10429
v -0.02196 0.61426 0.05614
v -0.01237 0.61675 0.10429
v -0.01002 0.61094 0.05883
v -0.00046 0.61148 0.10463
v -0.00046 0.60875 0.06154
v -0.00046 0.61148 0.10463
v 0.00909 0.61094 0.05883
v 0.01144 0.61675 0.10429
v 0.02104 0.61426 0.05614
v 0.02898 0.63176 0.08806
v 0.03445 0.62164 0.05156
v 0.02898 0.63176 0.08806
v 0.04624 0.63128 0.03516
v 0.03967 0.63761 0.07579
v 0.05118 0.64756 0.06411
v 0.03967 0.63761 0.07579
v 0.03915 0.66110 0.08036
v 0.03967 0.63761 0.07579
v 0.02506 0.64727 0.09381
v 0.02898 0.63176 0.08806
v 0.01727 0.64381 0.09901
v 0.01187 0.62849 0.10704
v -0.00046 0.63743 0.11413
v -0.00046 0.62545 0.11364
v -0.01097 0.62849 0.10873
v -0.01097 0.62849 0.10873
v 0.06582 0.67276 -0.03231
v 0.06582 0.67276 -0.03231
v 0.07978 0.69220 0.00342
v 0.07954 0.67713 0.00632
v 0.07954 0.67713 0.00632
v 0.07869 -0.85406 -0.04302
v 0.07869 -0.85406 -0.04302
v 0.07869 -0.85406 -0.04302
v 0.05799 -0.77994 -0.05275
v 0.08349 -0.86983 -0.10138
v 0.11369 -0.78793 -0.15508
v 0.11644 -0.87055 -0.13397
v 0.18248 -0.78940 -0.14732
v 0.16556 -0.87325 -0.11538
v 0.18248 -0.78940 -0.14732
v 0.19316 -0.87769 -0.04576
v 0.22288 -0.78203 -0.04791
v 0.18476 -0.85828 0.01468
v 0.15039 -0.75646 0.06189
v 0.14555 -0.83469 0.07356
v 0.15039 -0.75646 0.06189
v 0.09524 -0.75148 0.02063
v 0.13296 -0.48746 0.07415
v 0.05771 -0.48668 -0.00198
v 0.07260 -0.42889 0.04303
v 0.05173 -0.42939 -0.00127
v 0.07260 -0.42889 0.04303
v 0.04860 -0.36515 0.00789
v 0.12130 -0.35083 0.09166
v 0.03669 -0.08421 0.10835
v 0.08131 -0.05199 0.13982
v -0.00072 -0.06642 0.12270
v -0.00072 0.08652 0.13893
v -0.08275 -0.05199 0.13982
v -0.09316 0.08470 0.12302
v -0.16222 -0.05177 0.09657
v -0.14441 0.08313 0.11155
v -0.16222 -0.05177 0.09657
v -0.17698 0.07330 -0.00603
v -0.19121 -0.05519 -0.00979
v -0.14767 0.06972 -0.10555
v -0.14937 -0.05796 -0.07914
v -0.07175 0.01351 -0.13272
v -0.08388 -0.06261 -0.11019
v -0.00072 -0.05076 -0.11605
v -0.03023 -0.09460 -0.08638
v -0.00647 -0.10986 0.02752
v -0.05169 -0.35853 -0.07309
v -0.05167 -0.36515 0.00789
v -0.05169 -0.35853 -0.07309
v -0.05473 -0.42939 -0.00127
v -0.06330 -0.42009 -0.06893
v -0.06986 -0.48429 -0.07492
v -0.09196 -0.40983 -0.10697
v -0.11048 -0.48184 -0.11544
v -0.15983 -0.40689 -0.09262
v -0.16684 -0.47893 -0.10304
v -0.20066 -0.41499 -0.03044
v -0.20738 -0.47234 -0.03296
v -0.18318 -0.48484 0.03976
v -0.22432 -0.78203 -0.04791
v -0.15184 -0.75646 0.06189
v -0.18620 -0.85828 0.01468
v -0.15184 -0.75646 0.06189
v -0.14699 -0.83469 0.07356
v -0.09668 -0.75148 0.02063
v -0.10287 -0.85707 0.02027
v -0.09668 -0.75148 0.02063
v -0.08013 -0.85406 -0.04302
v -0.09668 -0.75148 0.02063
v -0.05943 -0.77994 -0.05275
v -0.09668 -0.75148 0.02063
v -0.06058 -0.48668 -0.00198
v -0.13419 -0.48746 0.07415
v -0.07515 -0.42889 0.04303
v -0.13492 -0.42370 0.08601
v -0.12279 -0.35083 0.09166
v -0.17938 -0.34644 0.03565
v -0.16222 -0.05177 0.09657
v -0.19400 -0.24548 -0.01600
v -0.19121 -0.05519 -0.00979
v -0.19400 -0.24548 -0.01600
v -0.14937 -0.05796 -0.07914
v -0.15714 -0.34940 -0.09238
v -0.08388 -0.06261 -0.11019
v -0.08709 -0.35234 -0.10564
v -0.03023 -0.09460 -0.08638
v -0.08709 -0.35234 -0.10564
v -0.05169 -0.35853 -0.07309
v -0.09196 -0.40983 -0.10697
v -0.06330 -0.42009 -0.06893
v -0.06330 -0.42009 -0.06893
v 0.14297 0.08313 0.11155
v 0.14297 0.08313 0.11155
v 0.16790 -0.02613 0.10999
v 0.09172 0.08470 0.12302
v 0.09172 0.08470 0.12302
v 0.17554 0.07330 -0.00603
v 0.17554 0.07330 -0.00603
v 0.17554 0.07330 -0.00603
v 0.16790 -0.02613 0.10999
v 0.14297 0.08313 0.11155
v 0.14297 0.08313 0.11155
v 0.16790 -0.02613 0.10999
v 0.16790 -0.02613 0.10999
v 0.16790 -0.02613 0.10999
v 0.17554 0.07330 -0.00603
v 0.21172 0.00515 0.00040
v 0.21172 0.00515 0.00040
v -0.00029 0.06836 -0.13110
v -0.00029 0.06836 -0.13110
v -0.00029 0.06836 -0.13110
v -0.00072 0.09939 -0.14437
v 0.03671 -0.02827 -0.15312
v 0.03671 -0.02827 -0.15312
v 0.09767 -0.03682 0.16034
v 0.09767 -0.03682 0.16034
v 0.09767 -0.03682 0.16034
v 0.09172 0.08470 0.12302
v 0.16790 -0.02613 0.10999
v 0.16790 -0.02613 0.10999
v 0.02462 -0.02537 0.18227
v 0.02462 -0.02537 0.18227
v 0.02462 -0.02537 0.18227
v -0.00072 0.08037 0.18226
v -0.00072 0.08652 0.13893
v -0.00072 0.08652 0.13893
v 0.06980 0.06768 -0.13547
v 0.06980 0.06768 -0.13547
v 0.06980 0.06768 -0.13547
v 0.08741 0.09850 -0.13553
v 0.14622 0.06972 -0.10555
v 0.14622 0.06972 -0.10555
v 0.08741 0.09850 -0.13553
v 0.08741 0.09850 -0.13553
v 0.08741 0.09850 -0.13553
v 0.17554 0.07330 -0.00603
v 0.14622 0.06972 -0.10555
v 0.14622 0.06972 -0.10555
v 0.08741 0.09850 -0.13553
v 0.08741 0.09850 -0.13553
v 0.08741 0.09850 -0.13553
v 0.06980 0.06768 -0.13547
v -0.00029 0.06836 -0.13110
v -0.00029 0.06836 -0.13110
v 0.17638 -0.94299 -0.09791
v 0.17638 -0.94299 -0.09791
v 0.17638 -0.94299 -0.09791
v 0.09095 -0.94299 -0.10057
v 0.12725 -0.93718 -0.13031
v 0.12725 -0.93718 -0.13031
v 0.10142 -0.85707 0.02027
v 0.10142 -0.85707 0.02027
v 0.10142 -0.85707 0.02027
v 0.10837 -0.78433 -0.00573
v 0.09838 -0.79557 -0.11133
v 0.09838 -0.79557 -0.11133
v -0.14260 0.10658 0.12894
v -0.14260 0.10658 0.12894
v -0.14260 0.10658 0.12894
v -0.13556 0.16529 0.12069
v -0.18976 0.16714 -0.00366
v -0.18976 0.16714 -0.00366
v -0.14441 0.08313 0.11155
v -0.14441 0.08313 0.11155
v -0.14441 0.08313 0.11155
v -0.09316 0.08470 0.12302
v -0.16934 -0.02613 0.10999
v -0.16934 -0.02613 0.10999
v -0.17698 0.07330 -0.00603
v -0.17698 0.07330 -0.00603
v -0.17698 0.07330 -0.00603
v -0.14441 0.08313 0.11155
v -0.16934 -0.02613 0.10999
v -0.16934 -0.02613 0.10999
v -0.16934 -0.02613 0.10999
v -0.16934 -0.02613 0.10999
v -0.16934 -0.02613 0.10999
v -0.21317 0.00515 0.00040
v -0.17698 0.07330 -0.00603
v -0.17698 0.07330 -0.00603
v -0.00029 0.06836 -0.13110
v -0.00029 0.06836 -0.13110
v -0.00029 0.06836 -0.13110
v -0.03815 -0.02827 -0.15312
v -0.00072 0.09939 -0.14437
v -0.00072 0.09939 -0.14437
v -0.14260 0.10658 0.12894
v -0.14260 0.10658 0.12894
v -0.14260 0.10658 0.12894
v -0.18976 0.16714 -0.00366
v -0.19735 0.11169 -0.00217
v -0.19735 0.11169 -0.00217
v -0.09911 -0.03682 0.16034
v -0.09911 -0.03682 0.16034
v -0.09911 -0.03682 0.16034
v -0.16934 -0.02613 0.10999
v -0.09316 0.08470 0.12302
v -0.09316 0.08470 0.12302
v -0.02606 -0.02537 0.18227
v -0.02606 -0.02537 0.18227
v -0.02606 -0.02537 0.18227
v -0.00072 0.08652 0.13893
v -0.00072 0.08037 0.18226
v -0.00072 0.08037 0.18226
v -0.08885 0.09850 -0.13553
v -0.08885 0.09850 -0.13553
v -0.08885 0.09850 -0.13553
v -0.00029 0.06836 -0.13110
v -0.07124 0.06768 -0.13547
v -0.07124 0.06768 -0.13547
v -0.18620 -0.85828 0.01468
v -0.18620 -0.85828 0.01468
v -0.18620 -0.85828 0.01468
v -0.16544 -0.78394 -0.01060
v -0.14682 -0.79372 -0.00246
v -0.14682 -0.79372 -0.00246
v -0.14699 -0.83469 0.07356
v -0.14699 -0.83469 0.07356
v -0.14699 -0.83469 0.07356
v -0.18620 -0.85828 0.01468
v -0.14682 -0.79372 -0.00246
v -0.14682 -0.79372 -0.00246
v -0.17782 -0.94299 -0.09791
v -0.17782 -0.94299 -0.09791
v -0.17782 -0.94299 -0.09791
v -0.12869 -0.93718 -0.13031
v -0.09239 -0.94299 -0.10057
v -0.09239 -0.94299 -0.10057
v 0.41289 0.48919 -0.12515
v 0.41289 0.48919 -0.12515
v 0.41289 0.48919 -0.12515
v 0.41423 0.55257 -0.13555
v 0.41691 0.53831 -0.11894
v 0.41691 0.53831 -0.11894
v 0.81572 0.50549 -0.07796
v 0.81572 0.50549 -0.07796
v 0.81572 0.50549 -0.07796
v 0.82385 0.49530 -0.06808
v 0.78895 0.49512 -0.02641
v 0.78895 0.49512 -0.02641
v 0.78895 0.49512 -0.02641
v 0.81727 0.51804 -0.07734
v 0.81572 0.50549 -0.07796
v 0.81572 0.50549 -0.07796
v 0.81727 0.51804 -0.07734
v 0.81727 0.51804 -0.07734
v 0.81727 0.51804 -0.07734
v 0.78895 0.49512 -0.02641
v 0.81109 0.51546 -0.01569
v 0.81109 0.51546 -0.01569
v 0.83271 0.52505 -0.06529
v 0.83271 0.52505 -0.06529
v 0.83271 0.52505 -0.06529
v 0.81572 0.50549 -0.07796
v 0.81727 0.51804 -0.07734
v 0.81727 0.51804 -0.07734
v 0.81109 0.51546 -0.01569
v 0.81109 0.51546 -0.01569
v 0.81109 0.51546 -0.01569
v 0.78895 0.49512 -0.02641
v 0.77163 0.51631 -0.03683
v 0.77163 0.51631 -0.03683
v 0.73251 0.49456 -0.05340
v 0.73251 0.49456 -0.05340
v 0.73251 0.49456 -0.05340
v 0.78895 0.49512 -0.02641
v 0.75681 0.47346 -0.02185
v 0.75681 0.47346 -0.02185
v 0.73251 0.49456 -0.05340
v 0.73251 0.49456 -0.05340
v 0.73251 0.49456 -0.05340
v 0.77163 0.51631 -0.03683
v 0.78895 0.49512 -0.02641
v 0.78895 0.49512 -0.02641
v -0.40755 0.48695 -0.12516
v -0.40755 0.48695 -0.12516
v -0.40755 0.48695 -0.12516
v -0.41156 0.53607 -0.11894
v -0.40889 0.55033 -0.13555
v -0.40889 0.55033 -0.13555
v -0.80952 0.49748 -0.07550
v -0.80952 0.49748 -0.07550
v -0.80952 0.49748 -0.07550
v -0.78178 0.48834 -0.02423
v -0.81701 0.48685 -0.06559
v -0.78178 0.48834 -0.02423
v -0.78178 0.48834 -0.02423
v -0.80952 0.49748 -0.07550
v -0.81171 0.50993 -0.07482
v -0.81171 0.50993 -0.07482
v -0.81171 0.50993 -0.07482
v -0.81171 0.50993 -0.07482
v -0.81171 0.50993 -0.07482
v -0.80486 0.50746 -0.01323
v -0.78178 0.48834 -0.02423
v -0.78178 0.48834 -0.02423
v -0.82739 0.51609 -0.06260
v -0.82739 0.51609 -0.06260
v -0.82739 0.51609 -0.06260
v -0.81171 0.50993 -0.07482
v -0.80952 0.49748 -0.07550
v -0.80952 0.49748 -0.07550
v -0.80486 0.50746 -0.01323
v -0.80486 0.50746 -0.01323
v -0.80486 0.50746 -0.01323
v -0.76569 0.51044 -0.03471
v -0.78178 0.48834 -0.02423
v -0.78178 0.48834 -0.02423
v -0.72563 0.49083 -0.05171
v -0.72563 0.49083 -0.05171
v -0.72563 0.49083 -0.05171
v -0.74852 0.46837 -0.02004
v -0.78178 0.48834 -0.02423
v -0.78178 0.48834 -0.02423
v -0.04853 0.76579 0.05948
v -0.04853 0.76579 0.05948
v -0.04853 0.76579 0.05948
v -0.06739 0.76704 0.01150
v -0.05749 0.74260 0.05559
v -0.05749 0.74260 0.05559
v -0.01886 0.68105 0.10673
v -0.01886 0.68105 0.10673
v -0.01886 0.68105 0.10673
v -0.01281 0.69445 0.10954
v -0.01824 0.68032 0.09849
v -0.01824 0.68032 0.09849
v -0.01824 0.68032 0.09849
v -0.01824 0.68032 0.09849
v -0.01824 0.68032 0.09849
v -0.00039 0.67670 0.11404
v -0.01886 0.68105 0.10673
v -0.01886 0.68105 0.10673
v 0.01739 0.68105 0.10673
v 0.01739 0.68105 0.10673
v 0.01739 0.68105 0.10673
v 0.01677 0.68032 0.09849
v 0.01134 0.69445 0.10954
v 0.01134 0.69445 0.10954
v 0.01677 0.68032 0.09849
v 0.01677 0.68032 0.09849
v 0.01677 0.68032 0.09849
v 0.01739 0.68105 0.10673
v -0.00039 0.67670 0.11404
v -0.00039 0.67670 0.11404
v -0.06176 0.71515 0.00417
v -0.06176 0.71515 0.00417
v -0.06176 0.71515 0.00417
v -0.06079 0.72296 0.08670
v -0.05988 0.72475 0.08613
v -0.05988 0.72475 0.08613
v 0.06142 0.71656 0.00417
v 0.06142 0.71656 0.00417
v 0.06142 0.71656 0.00417
v 0.05895 0.72656 0.08613
v 0.05932 0.72511 0.08499
vt 0.61133 -0.62001
vt 0.61255 -0.61995
vt 0.61109 -0.61734
vt 0.61286 -0.61716
vt 0.61286 -0.61716
vt 0.61133 -0.62001
vt 0.61133 -0.62001
vt 0.61109 -0.61734
vt 0.61255 -0.61995
vt 0.61286 -0.61716
vt 0.61286 -0.61716
vt 0.23756 -0.06062
vt 0.23756 -0.06062
vt 0.19304 -0.07386
vt 0.21053 -0.05896
vt 0.18414 -0.05779
vt 0.18414 -0.05779
vt 0.81308 -0.51022
vt 0.81308 -0.51022
vt 0.76241 -0.46552
vt 0.74447 -0.46304
vt 0.73883 -0.39453
vt 0.73883 -0.39453
vt 0.81308 -0.51022
vt 0.81308 -0.51022
vt 0.74447 -0.46304
vt 0.76241 -0.46552
vt 0.73883 -0.39453
vt 0.73883 -0.39453
vt 0.33861 -0.32746
vt 0.33861 -0.32746
vt 0.33734 -0.37148
vt 0.39745 -0.33106
vt 0.40103 -0.38439
vt 0.40103 -0.38439
vt 0.37024 -0.46875
vt 0.37024 -0.46875
vt 0.49472 -0.45976
vt 0.47945 -0.49660
vt 0.49573 -0.49732
vt 0.49573 -0.49732
vt 0.33861 -0.32746
vt 0.49573 -0.49732
vt 0.33861 -0.32746
vt 0.33861 -0.32746
vt 0.39745 -0.33106
vt 0.33734 -0.37148
vt 0.40103 -0.38439
vt 0.33734 -0.37148
vt 0.33734 -0.37148
vt 0.33734 -0.37148
vt 0.36413 -0.39954
vt 0.36113 -0.40729
vt 0.36113 -0.40729
vt 0.37024 -0.46875
vt 0.37024 -0.46875
vt 0.37024 -0.46875
vt 0.47945 -0.49660
vt 0.49472 -0.45976
vt 0.49573 -0.49732
vt 0.49573 -0.49732
vt 0.95161 -0.33224
vt 0.95161 -0.33224
vt 0.99679 -0.33422
vt 0.99713 -0.38129
vt 0.95161 -0.33224
vt 0.95161 -0.33224
vt 0.82420 -0.34743
vt 0.82420 -0.34743
vt 0.80038 -0.34143
vt 0.85779 -0.42358
vt 0.80243 -0.38730
vt 0.80243 -0.38730
vt 0.82273 -0.45470
vt 0.85901 -0.42253
vt 0.86742 -0.50303
vt 0.91613 -0.46776
vt 0.91613 -0.46776
vt 0.78713 -0.33289
vt 0.78713 -0.33289
vt 0.78713 -0.33289
vt 0.70513 -0.29971
vt 0.78441 -0.19748
vt 0.65581 -0.30615
vt 0.78441 -0.19748
vt 0.65581 -0.30615
vt 0.65581 -0.30615
vt 0.93628 -0.55471
vt 0.93628 -0.55471
vt 0.91521 -0.49634
vt 0.88400 -0.55779
vt 0.81308 -0.49439
vt 0.81308 -0.49439
vt 0.28782 -0.03916
vt 0.28782 -0.03916
vt 0.28934 0.00133
vt 0.18995 -0.03921
vt 0.28782 -0.03916
vt 0.28782 -0.03916
vt 0.28992 -0.14564
vt 0.24971 -0.18872
vt 0.28810 -0.14977
vt 0.28206 -0.20565
vt 0.24971 -0.18872
vt 0.28206 -0.20565
vt 0.24545 -0.25729
vt 0.28206 -0.20565
vt 0.28012 -0.27317
vt 0.28206 -0.20565
vt 0.24630 -0.25250
vt 0.24971 -0.18872
vt 0.24971 -0.18872
vt 0.28782 -0.03916
vt 0.28782 -0.03916
vt 0.28782 -0.03916
vt 0.28934 0.00133
vt 0.21331 -0.03509
vt 0.28782 -0.03916
vt 0.28782 -0.03916
vt 0.28992 -0.14564
vt 0.23789 -0.17979
vt 0.28810 -0.14977
vt 0.28907 -0.20661
vt 0.23789 -0.17979
vt 0.28907 -0.20661
vt 0.23420 -0.26239
vt 0.28907 -0.20661
vt 0.23420 -0.26239
vt 0.28907 -0.20661
vt 0.28424 -0.26507
vt 0.28907 -0.20661
vt 0.23336 -0.26718
vt 0.23789 -0.17979
vt 0.23789 -0.17979
vt 0.41222 -0.87666
vt 0.41222 -0.87666
vt 0.41222 -0.87666
vt 0.49277 -0.88028
vt 0.43028 -0.98781
vt 0.49531 -0.99125
vt 0.43028 -0.98781
vt 0.43028 -0.98781
vt 0.43028 -0.98781
vt 0.37650 -0.99001
vt 0.41222 -0.87666
vt 0.32537 -0.88998
vt 0.40740 -0.81842
vt 0.32547 -0.80672
vt 0.41772 -0.72065
vt 0.32708 -0.70553
vt 0.39467 -0.62143
vt 0.32698 -0.63991
vt 0.35847 -0.58268
vt 0.32637 -0.58165
vt 0.35619 -0.53378
vt 0.32646 -0.51151
vt 0.35619 -0.53378
vt 0.35141 -0.50545
vt 0.35619 -0.53378
vt 0.39104 -0.50105
vt 0.35619 -0.53378
vt 0.40229 -0.53251
vt 0.39509 -0.58718
vt 0.44769 -0.53563
vt 0.44391 -0.55879
vt 0.49124 -0.54697
vt 0.44391 -0.55879
vt 0.49300 -0.59760
vt 0.44391 -0.55879
vt 0.49300 -0.59760
vt 0.44297 -0.63413
vt 0.49356 -0.71958
vt 0.49356 -0.71958
vt 0.49300 -0.59760
vt 0.48683 -0.65745
vt 0.48683 -0.65745
vt 0.65176 -0.55060
vt 0.65176 -0.55060
vt 0.65176 -0.55060
vt 0.57863 -0.57870
vt 0.58704 -0.53174
vt 0.54182 -0.53073
vt 0.54182 -0.53073
vt 0.54986 -0.31397
vt 0.54986 -0.31397
vt 0.62446 -0.15031
vt 0.61825 -0.31222
vt 0.72535 -0.14223
vt 0.72535 -0.14223
vt 0.37973 -0.33575
vt 0.37973 -0.33575
vt 0.36543 -0.37765
vt 0.39940 -0.39417
vt 0.36740 -0.43812
vt 0.39940 -0.39417
vt 0.39940 -0.39417
vt 0.39940 -0.39417
vt 0.41812 -0.31559
vt 0.37973 -0.33575
vt 0.41949 -0.28463
vt 0.39403 -0.28951
vt 0.40786 -0.18314
vt 0.34073 -0.22150
vt 0.37189 -0.13046
vt 0.34295 -0.12806
vt 0.37200 -0.08563
vt 0.35047 -0.08923
vt 0.37372 -0.04599
vt 0.35047 -0.08923
vt 0.34860 -0.05004
vt 0.35047 -0.08923
vt 0.34860 -0.05004
vt 0.30070 -0.09378
vt 0.30232 -0.04557
vt 0.30232 -0.04557
vt 0.82814 -0.29377
vt 0.82814 -0.29377
vt 0.85763 -0.29711
vt 0.85497 -0.25089
vt 0.89045 -0.24647
vt 0.89045 -0.24647
vt 0.89543 -0.29029
vt 0.89543 -0.29029
vt 0.93877 -0.30110
vt 0.90679 -0.31216
vt 0.94019 -0.32572
vt 0.94019 -0.32572
vt 0.08889 -0.73104
vt 0.08889 -0.73104
vt 0.08613 -0.68474
vt 0.13619 -0.72589
vt 0.13861 -0.66831
vt 0.13861 -0.66831
vt 0.03456 -0.58974
vt 0.03456 -0.58974
vt 0.05344 -0.68534
vt 0.02796 -0.68934
vt 0.05449 -0.73008
vt 0.05449 -0.73008
vt 0.21964 -0.41075
vt 0.21964 -0.41075
vt 0.21968 -0.41161
vt 0.21984 -0.41135
vt 0.21980 -0.41189
vt 0.21980 -0.41189
vt 0.29056 -0.52347
vt 0.29056 -0.52347
vt 0.26450 -0.55898
vt 0.29082 -0.57415
vt 0.28862 -0.66177
vt 0.28862 -0.66177
vt 0.91350 -0.31745
vt 0.28862 -0.66177
vt 0.91350 -0.31745
vt 0.91350 -0.31745
vt 0.89791 -0.37627
vt 0.94019 -0.32572
vt 0.94295 -0.36517
vt 0.94019 -0.32572
vt 0.94019 -0.32572
vt 0.94019 -0.32572
vt 0.93877 -0.30110
vt 0.91350 -0.31745
vt 0.89543 -0.29029
vt 0.91350 -0.31745
vt 0.86306 -0.31562
vt 0.89791 -0.37627
vt 0.82420 -0.34743
vt 0.89791 -0.37627
vt 0.85901 -0.42253
vt 0.92121 -0.43132
vt 0.91613 -0.46776
vt 0.91613 -0.46776
vt 0.28810 -0.14977
vt 0.28810 -0.14977
vt 0.28992 -0.14564
vt 0.24971 -0.18872
vt 0.28782 -0.03916
vt 0.28782 -0.03916
vt 0.86365 -0.56982
vt 0.86365 -0.56982
vt 0.71321 -0.49069
vt 0.75080 -0.45248
vt 0.62597 -0.47534
vt 0.75080 -0.45248
vt 0.75080 -0.45248
vt 0.75080 -0.45248
vt 0.81308 -0.49439
vt 0.86365 -0.56982
vt 0.88400 -0.55779
vt 0.99430 -0.59850
vt 0.93628 -0.55471
vt 0.99430 -0.59850
vt 0.97101 -0.56404
vt 0.99430 -0.59850
vt 0.97101 -0.56404
vt 0.99806 -0.56654
vt 0.99806 -0.56654
vt 0.99806 -0.56654
vt 0.97101 -0.56404
vt 0.99430 -0.60069
vt 0.93628 -0.55471
vt 0.99430 -0.60069
vt 0.88400 -0.55779
vt 0.99430 -0.60069
vt 0.86475 -0.57092
vt 0.99147 -0.74074
vt 0.99147 -0.74074
vt 0.18894 -0.55054
vt 0.18894 -0.55054
vt 0.18894 -0.55054
vt 0.13905 -0.55437
vt 0.13742 -0.38039
vt 0.08298 -0.38045
vt 0.08298 -0.38045
vt 0.13416 -0.23285
vt 0.13416 -0.23285
vt 0.13351 -0.36434
vt 0.00591 -0.36117
vt 0.07443 -0.37677
vt 0.07443 -0.37677
vt 0.42909 -0.63724
vt 0.42909 -0.63724
vt 0.43003 -0.56190
vt 0.38121 -0.59029
vt 0.43381 -0.53874
vt 0.43381 -0.53874
vt 0.41767 -0.76639
vt 0.41767 -0.76639
vt 0.42007 -0.76567
vt 0.42044 -0.76277
vt 0.42285 -0.76274
vt 0.42044 -0.76277
vt 0.42044 -0.76277
vt 0.42044 -0.76277
vt 0.41827 -0.76274
vt 0.42044 -0.76277
vt 0.41827 -0.76274
vt 0.41767 -0.76639
vt 0.41599 -0.76264
vt 0.41519 -0.76321
vt 0.41519 -0.76321
vt 0.41519 -0.76321
vt 0.41599 -0.76264
vt 0.41767 -0.76639
vt 0.41827 -0.76274
vt 0.41767 -0.76639
vt 0.42044 -0.76277
vt 0.42007 -0.76567
vt 0.42285 -0.76274
vt 0.42285 -0.76274
vt 0.29838 -0.43239
vt 0.29838 -0.43239
vt 0.29837 -0.38766
vt 0.33074 -0.37698
vt 0.30328 -0.32565
vt 0.39403 -0.28951
vt 0.39403 -0.28951
vt 0.33074 -0.37698
vt 0.33074 -0.37698
vt 0.33074 -0.37698
vt 0.35123 -0.40729
vt 0.29838 -0.43239
vt 0.36315 -0.44628
vt 0.29841 -0.45233
vt 0.29841 -0.45233
vt 0.97544 -0.40493
vt 0.97544 -0.40493
vt 0.97544 -0.40493
vt 0.99481 -0.38361
vt 0.97544 -0.40493
vt 0.94322 -0.36548
vt 0.95154 -0.41320
vt 0.89791 -0.37627
vt 0.95154 -0.41320
vt 0.92121 -0.43132
vt 0.97544 -0.40493
vt 0.97544 -0.40493
vt 0.97544 -0.40493
vt 0.97544 -0.40493
vt 0.82614 -0.94098
vt 0.82614 -0.94098
vt 0.82614 -0.94098
vt 0.84383 -0.97068
vt 0.82614 -0.94098
vt 0.84157 -0.91536
vt 0.82328 -0.87025
vt 0.84927 -0.84834
vt 0.82884 -0.85588
vt 0.82884 -0.85588
vt 0.75021 -0.07059
vt 0.75021 -0.07059
vt 0.75021 -0.07059
vt 0.84537 -0.04150
vt 0.84755 -0.00312
vt 0.95497 -0.02190
vt 0.84537 -0.04150
vt 0.84537 -0.04150
vt 0.42325 -0.04493
vt 0.42325 -0.04493
vt 0.42325 -0.04493
vt 0.42695 -0.02587
vt 0.46539 -0.03973
vt 0.46158 -0.02962
vt 0.49117 -0.03800
vt 0.49117 -0.03800
vt 0.48158 -0.86075
vt 0.48158 -0.86075
vt 0.48158 -0.86075
vt 0.46560 -0.74515
vt 0.41315 -0.86237
vt 0.40697 -0.73015
vt 0.36661 -0.85959
vt 0.36661 -0.85959
vt 0.49117 -0.03800
vt 0.49117 -0.03800
vt 0.49117 -0.03800
vt 0.46158 -0.02962
vt 0.46539 -0.03973
vt 0.42695 -0.02587
vt 0.46539 -0.03973
vt 0.42695 -0.02587
vt 0.42325 -0.04493
vt 0.42325 -0.04493
vt 0.95161 -0.33224
vt 0.95161 -0.33224
vt 0.95161 -0.33224
vt 0.98051 -0.31854
vt 0.97316 -0.30832
vt 0.98246 -0.30555
vt 0.97535 -0.29300
vt 0.97535 -0.29300
vt 0.96135 -0.10755
vt 0.96135 -0.10755
vt 0.96135 -0.10755
vt 0.92885 -0.25000
vt 0.91937 -0.10664
vt 0.89045 -0.24647
vt 0.85868 -0.11147
vt 0.85868 -0.11147
vt 0.28862 -0.66177
vt 0.28862 -0.66177
vt 0.28862 -0.66177
vt 0.26450 -0.55898
vt 0.29082 -0.57415
vt 0.29056 -0.52347
vt 0.29161 -0.57331
vt 0.29161 -0.57331
vt 0.05344 -0.68534
vt 0.05344 -0.68534
vt 0.05344 -0.68534
vt 0.05449 -0.73008
vt 0.08613 -0.68474
vt 0.08889 -0.73104
vt 0.13619 -0.72589
vt 0.13619 -0.72589
vt 0.28714 -0.77005
vt 0.28714 -0.77005
vt 0.28714 -0.77005
vt 0.28950 -0.92479
vt 0.23978 -0.91169
vt 0.28929 -0.99583
vt 0.23978 -0.91169
vt 0.28929 -0.99583
vt 0.23978 -0.91169
vt 0.23855 -0.99314
vt 0.19907 -0.99206
vt 0.19907 -0.99206
vt 0.74715 -0.31697
vt 0.74715 -0.31697
vt 0.74715 -0.31697
vt 0.78713 -0.33289
vt 0.70513 -0.29971
vt 0.78441 -0.19748
vt 0.72535 -0.14223
vt 0.72535 -0.14223
vt 0.04729 -0.93850
vt 0.04729 -0.93850
vt 0.04729 -0.93850
vt 0.01102 -0.92991
vt 0.02660 -0.77658
vt 0.00514 -0.77653
vt 0.02660 -0.77658
vt 0.00614 -0.72879
vt 0.02741 -0.72827
vt 0.02741 -0.72827
vt 0.40594 -0.89716
vt 0.40594 -0.89716
vt 0.40594 -0.89716
vt 0.36262 -0.99312
vt 0.41640 -0.99092
vt 0.41640 -0.99092
vt 0.48041 -0.80792
vt 0.48041 -0.80792
vt 0.48041 -0.80792
vt 0.40594 -0.89716
vt 0.47889 -0.88339
vt 0.41640 -0.99092
vt 0.48143 -0.99436
vt 0.48143 -0.99436
vt 0.38840 -0.53562
vt 0.38840 -0.53562
vt 0.38840 -0.53562
vt 0.37715 -0.50416
vt 0.38840 -0.53562
vt 0.37715 -0.50416
vt 0.35363 -0.53689
vt 0.33753 -0.50856
vt 0.35363 -0.53689
vt 0.29893 -0.50173
vt 0.30076 -0.55927
vt 0.30076 -0.55927
vt 0.39949 -0.76615
vt 0.39949 -0.76615
vt 0.39949 -0.76615
vt 0.42909 -0.63724
vt 0.38504 -0.62899
vt 0.38121 -0.59029
vt 0.35308 -0.58863
vt 0.35308 -0.58863
vt 0.55978 -0.99364
vt 0.55978 -0.99364
vt 0.55978 -0.99364
vt 0.51838 -0.99604
vt 0.55488 -0.89898
vt 0.50692 -0.89770
vt 0.50641 -0.83059
vt 0.50641 -0.83059
vt 0.52935 -0.83059
vt 0.52935 -0.83059
vt 0.52935 -0.83059
vt 0.52901 -0.89939
vt 0.56792 -0.89898
vt 0.53794 -0.99495
vt 0.58152 -0.99364
vt 0.58152 -0.99364
vt 0.56773 -0.14989
vt 0.56773 -0.14989
vt 0.56773 -0.14989
vt 0.56854 -0.04449
vt 0.62643 -0.06860
vt 0.64319 -0.00633
vt 0.70857 -0.05932
vt 0.70857 -0.05932
vt 0.70857 -0.05932
vt 0.72535 -0.14223
vt 0.70857 -0.05932
vt 0.72535 -0.14223
vt 0.62643 -0.06860
vt 0.62446 -0.15031
vt 0.56773 -0.14989
vt 0.54986 -0.31397
vt 0.50467 -0.31579
vt 0.50454 -0.35175
vt 0.50467 -0.31579
vt 0.54986 -0.31397
vt 0.56773 -0.14989
vt 0.62446 -0.15031
vt 0.56773 -0.14989
vt 0.62643 -0.06860
vt 0.56854 -0.04449
vt 0.64319 -0.00633
vt 0.50833 -0.01346
vt 0.56854 -0.04449
vt 0.50937 -0.14208
vt 0.56773 -0.14989
vt 0.50937 -0.14208
vt 0.50467 -0.31579
vt 0.50937 -0.14208
vt 0.56773 -0.14989
vt 0.50937 -0.14208
vt 0.56854 -0.04449
vt 0.50833 -0.01346
vt 0.50833 -0.01346
vt 0.36661 -0.85959
vt 0.36661 -0.85959
vt 0.36661 -0.85959
vt 0.40697 -0.73015
vt 0.40529 -0.86368
vt 0.46560 -0.74777
vt 0.48158 -0.86075
vt 0.48158 -0.86075
vt 0.94429 -0.95456
vt 0.94429 -0.95456
vt 0.94429 -0.95456
vt 0.88261 -0.98667
vt 0.88782 -0.90225
vt 0.84450 -0.96932
vt 0.88782 -0.90225
vt 0.84450 -0.96932
vt 0.83676 -0.90407
vt 0.83676 -0.90407
vt 0.83676 -0.90407
vt 0.84856 -0.84779
vt 0.88782 -0.90225
vt 0.89629 -0.83605
vt 0.94429 -0.95456
vt 0.94680 -0.86548
vt 0.95734 -0.94003
vt 0.94680 -0.86548
vt 0.96727 -0.92225
vt 0.94680 -0.86548
vt 0.98645 -0.86056
vt 0.93792 -0.83612
vt 0.97761 -0.85195
vt 0.96945 -0.84301
vt 0.97761 -0.85195
vt 0.93792 -0.83612
vt 0.98683 -0.86035
vt 0.94671 -0.86390
vt 0.97313 -0.91115
vt 0.95822 -0.93851
vt 0.95822 -0.93851
vt 0.94671 -0.86390
vt 0.94429 -0.95456
vt 0.89396 -0.83600
vt 0.88724 -0.90168
vt 0.84856 -0.84779
vt 0.88724 -0.90168
vt 0.83730 -0.91463
vt 0.88724 -0.90168
vt 0.84450 -0.96932
vt 0.88724 -0.90168
vt 0.88425 -0.98664
vt 0.94429 -0.95456
vt 0.94429 -0.95456
vt 0.97535 -0.29300
vt 0.97535 -0.29300
vt 0.97535 -0.29300
vt 0.98246 -0.30555
vt 0.97535 -0.29300
vt 0.98246 -0.30555
vt 0.97316 -0.30832
vt 0.98051 -0.31854
vt 0.95161 -0.33224
vt 0.95161 -0.33224
vt 0.67276 -0.60951
vt 0.67276 -0.60951
vt 0.67276 -0.60951
vt 0.62584 -0.54466
vt 0.58448 -0.57870
vt 0.59159 -0.53044
vt 0.56138 -0.53073
vt 0.56138 -0.53073
vt 0.65869 -0.35920
vt 0.65869 -0.35920
vt 0.65869 -0.35920
vt 0.61130 -0.36933
vt 0.61679 -0.35026
vt 0.55622 -0.38045
vt 0.55272 -0.34766
vt 0.55272 -0.34766
vt 0.13416 -0.23285
vt 0.13416 -0.23285
vt 0.13416 -0.23285
vt 0.13854 -0.15465
vt 0.00680 -0.14867
vt 0.12789 -0.05260
vt 0.02652 -0.05184
vt 0.02652 -0.05184
vt 0.02652 -0.05184
vt 0.02652 -0.05184
vt 0.02652 -0.05184
vt 0.12789 -0.05260
vt 0.00680 -0.14867
vt 0.13854 -0.15465
vt 0.00680 -0.14867
vt 0.13416 -0.23285
vt 0.00136 -0.23812
vt 0.00591 -0.36117
vt 0.00591 -0.36117
vt 0.07443 -0.37677
vt 0.00591 -0.36117
vt 0.07443 -0.37677
vt 0.07443 -0.37677
vt 0.13351 -0.36434
vt 0.00591 -0.36117
vt 0.13416 -0.23285
vt 0.00136 -0.23812
vt 0.00680 -0.14867
vt 0.00680 -0.14867
vt 0.97544 -0.40493
vt 0.97544 -0.40493
vt 0.92121 -0.43132
vt 0.95154 -0.41320
vt 0.92121 -0.43132
vt 0.92121 -0.43132
vt 0.97408 -0.41396
vt 0.96925 -0.43389
vt 0.99704 -0.43561
vt 0.99792 -0.46670
vt 0.96925 -0.43389
vt 0.94707 -0.47361
vt 0.91613 -0.46776
vt 0.94707 -0.47361
vt 0.94707 -0.47361
vt 0.94707 -0.47361
vt 0.91613 -0.46776
vt 0.91521 -0.49634
vt 0.91521 -0.49634
vt 0.91521 -0.49634
vt 0.91613 -0.46776
vt 0.91521 -0.49634
vt 0.86742 -0.50303
vt 0.81308 -0.49439
vt 0.82273 -0.45470
vt 0.76874 -0.45497
vt 0.80243 -0.38730
vt 0.73883 -0.39453
vt 0.80243 -0.38730
vt 0.74715 -0.31697
vt 0.80038 -0.34143
vt 0.78713 -0.33289
vt 0.82420 -0.34743
vt 0.78713 -0.33289
vt 0.82420 -0.34743
vt 0.82814 -0.29377
vt 0.86306 -0.31562
vt 0.85763 -0.29711
vt 0.89543 -0.29029
vt 0.89045 -0.24647
vt 0.93877 -0.30110
vt 0.92885 -0.25000
vt 0.96146 -0.25559
vt 0.99768 -0.18733
vt 0.99764 -0.26638
vt 0.96146 -0.25559
vt 0.96306 -0.27890
vt 0.93877 -0.30110
vt 0.97535 -0.29300
vt 0.94019 -0.32572
vt 0.97316 -0.30832
vt 0.94019 -0.32572
vt 0.94295 -0.36517
vt 0.94019 -0.32572
vt 0.89791 -0.37627
vt 0.90679 -0.31216
vt 0.86010 -0.31755
vt 0.89543 -0.29029
vt 0.85763 -0.29711
vt 0.89045 -0.24647
vt 0.85497 -0.25089
vt 0.85868 -0.11147
vt 0.78441 -0.19748
vt 0.72535 -0.14223
vt 0.65581 -0.30615
vt 0.61825 -0.31222
vt 0.61679 -0.35026
vt 0.54986 -0.31397
vt 0.55272 -0.34766
vt 0.50454 -0.35175
vt 0.55622 -0.38045
vt 0.50309 -0.37855
vt 0.50217 -0.39572
vt 0.55622 -0.38045
vt 0.55354 -0.39807
vt 0.55622 -0.38045
vt 0.55354 -0.39807
vt 0.60617 -0.39490
vt 0.56791 -0.47948
vt 0.60617 -0.39490
vt 0.62597 -0.47534
vt 0.75080 -0.45248
vt 0.71321 -0.49069
vt 0.75080 -0.45248
vt 0.86475 -0.57092
vt 0.81308 -0.49439
vt 0.88400 -0.55779
vt 0.88400 -0.55779
vt 0.99481 -0.38361
vt 0.99481 -0.38361
vt 0.97544 -0.40493
vt 0.94322 -0.36548
vt 0.95154 -0.41320
vt 0.89791 -0.37627
vt 0.92121 -0.43132
vt 0.92121 -0.43132
vt 0.84450 -0.96932
vt 0.84450 -0.96932
vt 0.82691 -0.94193
vt 0.84181 -0.90444
vt 0.82261 -0.87025
vt 0.84860 -0.84902
vt 0.82884 -0.85588
vt 0.82884 -0.85588
vt 0.22991 -0.54506
vt 0.22991 -0.54506
vt 0.21710 -0.66647
vt 0.18894 -0.55054
vt 0.18894 -0.55054
vt 0.29111 -0.38331
vt 0.29111 -0.38331
vt 0.29111 -0.38331
vt 0.22991 -0.54506
vt 0.21666 -0.37974
vt 0.18894 -0.55054
vt 0.16917 -0.38076
vt 0.13742 -0.38039
vt 0.16917 -0.38076
vt 0.13742 -0.38039
vt 0.13742 -0.38039
vt 0.74715 -0.31697
vt 0.74715 -0.31697
vt 0.73883 -0.39453
vt 0.70811 -0.39571
vt 0.70811 -0.39571
vt 0.78713 -0.33289
vt 0.78713 -0.33289
vt 0.78713 -0.33289
vt 0.80038 -0.34143
vt 0.74715 -0.31697
vt 0.80243 -0.38730
vt 0.73883 -0.39453
vt 0.76874 -0.45497
vt 0.76874 -0.45497
vt 0.96333 -0.49342
vt 0.96333 -0.49342
vt 0.95824 -0.50703
vt 0.99455 -0.49670
vt 0.99455 -0.49670
vt 0.91521 -0.49634
vt 0.91521 -0.49634
vt 0.91521 -0.49634
vt 0.96333 -0.49342
vt 0.95824 -0.50703
vt 0.99455 -0.49670
vt 0.99575 -0.51162
vt 0.95824 -0.50703
vt 0.95824 -0.50703
vt 0.05380 -0.47554
vt 0.05380 -0.47554
vt 0.00435 -0.55957
vt 0.00226 -0.38374
vt 0.05380 -0.47554
vt 0.04521 -0.38034
vt 0.08298 -0.38045
vt 0.08298 -0.38045
vt 0.36740 -0.43812
vt 0.36740 -0.43812
vt 0.39737 -0.45489
vt 0.36740 -0.43812
vt 0.39737 -0.45489
vt 0.39241 -0.47631
vt 0.48831 -0.45732
vt 0.49592 -0.48160
vt 0.49552 -0.46333
vt 0.49552 -0.46333
vt 0.47929 -0.31282
vt 0.47929 -0.31282
vt 0.48284 -0.40911
vt 0.45128 -0.31174
vt 0.42114 -0.40751
vt 0.41812 -0.31559
vt 0.39940 -0.39417
vt 0.39940 -0.39417
vt 0.40229 -0.53251
vt 0.40229 -0.53251
vt 0.40095 -0.50051
vt 0.44769 -0.53563
vt 0.45087 -0.50626
vt 0.49124 -0.54697
vt 0.49737 -0.50318
vt 0.49737 -0.50318
vt 0.44850 -0.18333
vt 0.44850 -0.18333
vt 0.40786 -0.18314
vt 0.41949 -0.28463
vt 0.41949 -0.28463
vt 0.47765 -0.18170
vt 0.47765 -0.18170
vt 0.47765 -0.18170
vt 0.44995 -0.11571
vt 0.44850 -0.18333
vt 0.42651 -0.11771
vt 0.40786 -0.18314
vt 0.40655 -0.12433
vt 0.40655 -0.12433
vt 0.99430 -0.59850
vt 0.99430 -0.59850
vt 0.99147 -0.74074
vt 0.86365 -0.56982
vt 0.86365 -0.56982
vt 0.86365 -0.56982
vt 0.86365 -0.56982
vt 0.65869 -0.35920
vt 0.65869 -0.35920
vt 0.65869 -0.35920
vt 0.63967 -0.38057
vt 0.61130 -0.36933
vt 0.60617 -0.39490
vt 0.55622 -0.38045
vt 0.55354 -0.39807
vt 0.50217 -0.39572
vt 0.50217 -0.39572
vt 0.44297 -0.63413
vt 0.44297 -0.63413
vt 0.44297 -0.63413
vt 0.39509 -0.58718
vt 0.44391 -0.55879
vt 0.44391 -0.55879
vt 0.35847 -0.58268
vt 0.35847 -0.58268
vt 0.35847 -0.58268
vt 0.35619 -0.53378
vt 0.35847 -0.58268
vt 0.39509 -0.58718
vt 0.39467 -0.62143
vt 0.44297 -0.63413
vt 0.41772 -0.72065
vt 0.49573 -0.69459
vt 0.49539 -0.79068
vt 0.49539 -0.79068
vt 0.46036 -0.64853
vt 0.46036 -0.64853
vt 0.46036 -0.64853
vt 0.36907 -0.64348
vt 0.45977 -0.70766
vt 0.36655 -0.69724
vt 0.45977 -0.70766
vt 0.36814 -0.73770
vt 0.46223 -0.75497
vt 0.36788 -0.76878
vt 0.46223 -0.75497
vt 0.41424 -0.83071
vt 0.46223 -0.75497
vt 0.41424 -0.83071
vt 0.45985 -0.79911
vt 0.45985 -0.79911
vt 0.45922 -0.80255
vt 0.45922 -0.80255
vt 0.45922 -0.80255
vt 0.40007 -0.80480
vt 0.45742 -0.75934
vt 0.36934 -0.77242
vt 0.45742 -0.75934
vt 0.36890 -0.73175
vt 0.45917 -0.69981
vt 0.36904 -0.69308
vt 0.45917 -0.69981
vt 0.36865 -0.64476
vt 0.46104 -0.62515
vt 0.46104 -0.62515
vt 0.97544 -0.40493
vt 0.97544 -0.40493
vt 0.97544 -0.40493
vt 0.99699 -0.40092
vt 0.99481 -0.38361
vt 0.99481 -0.38361
vt 0.92121 -0.43132
vt 0.92121 -0.43132
vt 0.92121 -0.43132
vt 0.97408 -0.41396
vt 0.97544 -0.40493
vt 0.99687 -0.41564
vt 0.99699 -0.40092
vt 0.97544 -0.40493
vt 0.99481 -0.38361
vt 0.99481 -0.38361
vt 0.28992 -0.14564
vt 0.28992 -0.14564
vt 0.28992 -0.14564
vt 0.23789 -0.17979
vt 0.28810 -0.14977
vt 0.28810 -0.14977
vt 0.13951 -0.91853
vt 0.13951 -0.91853
vt 0.13951 -0.91853
vt 0.13951 -0.91853
vt 0.13951 -0.91853
vt 0.13934 -0.77501
vt 0.09580 -0.92552
vt 0.09104 -0.77797
vt 0.04729 -0.93850
vt 0.05660 -0.77896
vt 0.02660 -0.77658
vt 0.02660 -0.77658
vt 0.89396 -0.83600
vt 0.89396 -0.83600
vt 0.89396 -0.83600
vt 0.94671 -0.86390
vt 0.93792 -0.83612
vt 0.93792 -0.83612
vt 0.22991 -0.54506
vt 0.22991 -0.54506
vt 0.22991 -0.54506
vt 0.18894 -0.55054
vt 0.21710 -0.66647
vt 0.21710 -0.66647
vt 0.28714 -0.77005
vt 0.28714 -0.77005
vt 0.28714 -0.77005
vt 0.28822 -0.71164
vt 0.25951 -0.72019
vt 0.28862 -0.66177
vt 0.21710 -0.66647
vt 0.26450 -0.55898
vt 0.22991 -0.54506
vt 0.29056 -0.52347
vt 0.29056 -0.52347
vt 0.47570 -0.11477
vt 0.47570 -0.11477
vt 0.47702 -0.07536
vt 0.44780 -0.07594
vt 0.44780 -0.07594
vt 0.40314 -0.08880
vt 0.40314 -0.08880
vt 0.40314 -0.08880
vt 0.40655 -0.12433
vt 0.40314 -0.08880
vt 0.40655 -0.12433
vt 0.42420 -0.07850
vt 0.42651 -0.11771
vt 0.44780 -0.07594
vt 0.44995 -0.11571
vt 0.47570 -0.11477
vt 0.47765 -0.18170
vt 0.47765 -0.18170
vt 0.48831 -0.45732
vt 0.48831 -0.45732
vt 0.49871 -0.45134
vt 0.48284 -0.40911
vt 0.49742 -0.40925
vt 0.47929 -0.31282
vt 0.49806 -0.33192
vt 0.47929 -0.31282
vt 0.49656 -0.27890
vt 0.47924 -0.27817
vt 0.49707 -0.18322
vt 0.49707 -0.18322
vt 0.39737 -0.45489
vt 0.39737 -0.45489
vt 0.48831 -0.45732
vt 0.42114 -0.40751
vt 0.48284 -0.40911
vt 0.45128 -0.31174
vt 0.47929 -0.31282
vt 0.44802 -0.27909
vt 0.47924 -0.27817
vt 0.47924 -0.27817
vt 0.67276 -0.60951
vt 0.67276 -0.60951
vt 0.70179 -0.76593
vt 0.69471 -0.53941
vt 0.69471 -0.53941
vt 0.62419 -0.90546
vt 0.62419 -0.90546
vt 0.62419 -0.90546
vt 0.70218 -0.82021
vt 0.61229 -0.83954
vt 0.70179 -0.76593
vt 0.61229 -0.83954
vt 0.70179 -0.76593
vt 0.59651 -0.77126
vt 0.67276 -0.60951
vt 0.58854 -0.61360
vt 0.58448 -0.57870
vt 0.58448 -0.57870
vt 0.44850 -0.18333
vt 0.44850 -0.18333
vt 0.40786 -0.18314
vt 0.42651 -0.11771
vt 0.40655 -0.12433
vt 0.42420 -0.07850
vt 0.40314 -0.08880
vt 0.41938 -0.05024
vt 0.39711 -0.05000
vt 0.41938 -0.05024
vt 0.41938 -0.05024
vt 0.41938 -0.05024
vt 0.43279 -0.04964
vt 0.42420 -0.07850
vt 0.44780 -0.07594
vt 0.42651 -0.11771
vt 0.44995 -0.11571
vt 0.44850 -0.18333
vt 0.47765 -0.18170
vt 0.47924 -0.27817
vt 0.49707 -0.18322
vt 0.47924 -0.27817
vt 0.49656 -0.27890
vt 0.47929 -0.31282
vt 0.49806 -0.33192
vt 0.47929 -0.31282
vt 0.49742 -0.40925
vt 0.48284 -0.40911
vt 0.49871 -0.45134
vt 0.48284 -0.40911
vt 0.48831 -0.45732
vt 0.42114 -0.40751
vt 0.39737 -0.45489
vt 0.39940 -0.39417
vt 0.36740 -0.43812
vt 0.39940 -0.39417
vt 0.36740 -0.43812
vt 0.39940 -0.39417
vt 0.36543 -0.37765
vt 0.39940 -0.39417
vt 0.37973 -0.33575
vt 0.41812 -0.31559
vt 0.41949 -0.28463
vt 0.45128 -0.31174
vt 0.44802 -0.27909
vt 0.47929 -0.31282
vt 0.47924 -0.27817
vt 0.47924 -0.27817
vt 0.44802 -0.27909
vt 0.44850 -0.18333
vt 0.41949 -0.28463
vt 0.40786 -0.18314
vt 0.39403 -0.28951
vt 0.34073 -0.22150
vt 0.30328 -0.32565
vt 0.34073 -0.22150
vt 0.30461 -0.22433
vt 0.34295 -0.12806
vt 0.30197 -0.13384
vt 0.35047 -0.08923
vt 0.30070 -0.09378
vt 0.34860 -0.05004
vt 0.30232 -0.04557
vt 0.34860 -0.05004
vt 0.34860 -0.05004
vt 0.34860 -0.05004
vt 0.37372 -0.04599
vt 0.35047 -0.08923
vt 0.37200 -0.08563
vt 0.34295 -0.12806
vt 0.37189 -0.13046
vt 0.34073 -0.22150
vt 0.40786 -0.18314
vt 0.40786 -0.18314
vt 0.36315 -0.44628
vt 0.36315 -0.44628
vt 0.29838 -0.43239
vt 0.36315 -0.44628
vt 0.29838 -0.43239
vt 0.29841 -0.45233
vt 0.29841 -0.45233
vt 0.36315 -0.44628
vt 0.36315 -0.44628
vt 0.36315 -0.44628
vt 0.35123 -0.40729
vt 0.29838 -0.43239
vt 0.33074 -0.37698
vt 0.29837 -0.38766
vt 0.33074 -0.37698
vt 0.30328 -0.32565
vt 0.39403 -0.28951
vt 0.30328 -0.32565
vt 0.34073 -0.22150
vt 0.30461 -0.22433
vt 0.34295 -0.12806
vt 0.30197 -0.13384
vt 0.35047 -0.08923
vt 0.30070 -0.09378
vt 0.30070 -0.09378
vt 0.19447 -0.07732
vt 0.19447 -0.07732
vt 0.19447 -0.07732
vt 0.14430 -0.07641
vt 0.19447 -0.07732
vt 0.14686 -0.15589
vt 0.20237 -0.15461
vt 0.14218 -0.23251
vt 0.19797 -0.24354
vt 0.16527 -0.34129
vt 0.21835 -0.30636
vt 0.25281 -0.37484
vt 0.26906 -0.30823
vt 0.26906 -0.30823
vt 0.20958 -0.07732
vt 0.20958 -0.07732
vt 0.20958 -0.07732
vt 0.14430 -0.07641
vt 0.20958 -0.07732
vt 0.14686 -0.15589
vt 0.20958 -0.07732
vt 0.14686 -0.15589
vt 0.20237 -0.15461
vt 0.14218 -0.23251
vt 0.19797 -0.24354
vt 0.16087 -0.33689
vt 0.21738 -0.30649
vt 0.24993 -0.37677
vt 0.27345 -0.30795
vt 0.27345 -0.30795
vt 0.44780 -0.07594
vt 0.44780 -0.07594
vt 0.44780 -0.07594
vt 0.43279 -0.04964
vt 0.46317 -0.05018
vt 0.46317 -0.05018
vt 0.49707 -0.18322
vt 0.49707 -0.18322
vt 0.49707 -0.18322
vt 0.47765 -0.18170
vt 0.47570 -0.11477
vt 0.44995 -0.11571
vt 0.47570 -0.11477
vt 0.44780 -0.07594
vt 0.47702 -0.07536
vt 0.46317 -0.05018
vt 0.47702 -0.07536
vt 0.49582 -0.05175
vt 0.47702 -0.07536
vt 0.49589 -0.07486
vt 0.47570 -0.11477
vt 0.49719 -0.11817
vt 0.49707 -0.18322
vt 0.49707 -0.18322
vt 0.84276 -0.09852
vt 0.84276 -0.09852
vt 0.84276 -0.09852
vt 0.84375 -0.10281
vt 0.90476 -0.08463
vt 0.90400 -0.09268
vt 0.90476 -0.08463
vt 0.93149 -0.09638
vt 0.90476 -0.08463
vt 0.93149 -0.09638
vt 0.94156 -0.09066
vt 0.94215 -0.09497
vt 0.94156 -0.09066
vt 0.93149 -0.09638
vt 0.90564 -0.08708
vt 0.90400 -0.09268
vt 0.84375 -0.10281
vt 0.84375 -0.10281
vt 0.92121 -0.43132
vt 0.92121 -0.43132
vt 0.92121 -0.43132
vt 0.97544 -0.40493
vt 0.97408 -0.41396
vt 0.99687 -0.41564
vt 0.99704 -0.43561
vt 0.97408 -0.41396
vt 0.96925 -0.43389
vt 0.92121 -0.43132
vt 0.91613 -0.46776
vt 0.91613 -0.46776
vt 0.65194 -0.61286
vt 0.65194 -0.61286
vt 0.65194 -0.61286
vt 0.70103 -0.61298
vt 0.70172 -0.73802
vt 0.70172 -0.73802
vt 0.57813 -0.61295
vt 0.57813 -0.61295
vt 0.57813 -0.61295
vt 0.65194 -0.61286
vt 0.59738 -0.75344
vt 0.70172 -0.73802
vt 0.61375 -0.83652
vt 0.70218 -0.82021
vt 0.60788 -0.90546
vt 0.70157 -0.89982
vt 0.60788 -0.90546
vt 0.70204 -0.99096
vt 0.61262 -0.99455
vt 0.61262 -0.99455
vt 0.61262 -0.99455
vt 0.61262 -0.99455
vt 0.61262 -0.99455
vt 0.55978 -0.99364
vt 0.60788 -0.90546
vt 0.55488 -0.89898
vt 0.61375 -0.83652
vt 0.50641 -0.83059
vt 0.59738 -0.75344
vt 0.50630 -0.74624
vt 0.57813 -0.61295
vt 0.50506 -0.61301
vt 0.57813 -0.61295
vt 0.50298 -0.57325
vt 0.57863 -0.57870
vt 0.50191 -0.54348
vt 0.54182 -0.53073
vt 0.50143 -0.50967
vt 0.54182 -0.53073
vt 0.54606 -0.50537
vt 0.54182 -0.53073
vt 0.58805 -0.50516
vt 0.58704 -0.53174
vt 0.70229 -0.50479
vt 0.65176 -0.55060
vt 0.70103 -0.61298
vt 0.65176 -0.55060
vt 0.65194 -0.61286
vt 0.57863 -0.57870
vt 0.57813 -0.61295
vt 0.57813 -0.61295
vt 0.99643 -0.31600
vt 0.99643 -0.31600
vt 0.98051 -0.31854
vt 0.99629 -0.30230
vt 0.98246 -0.30555
vt 0.99771 -0.29089
vt 0.97535 -0.29300
vt 0.99696 -0.27645
vt 0.96306 -0.27890
vt 0.99764 -0.26638
vt 0.99764 -0.26638
vt 0.99764 -0.26638
vt 0.99764 -0.26638
vt 0.61679 -0.35026
vt 0.61679 -0.35026
vt 0.61679 -0.35026
vt 0.55272 -0.34766
vt 0.55622 -0.38045
vt 0.55622 -0.38045
vt 0.65869 -0.35920
vt 0.65869 -0.35920
vt 0.65869 -0.35920
vt 0.61130 -0.36933
vt 0.63967 -0.38057
vt 0.63967 -0.38057
vt 0.70811 -0.39571
vt 0.70811 -0.39571
vt 0.70811 -0.39571
vt 0.68058 -0.37444
vt 0.63967 -0.38057
vt 0.63967 -0.38057
vt 0.65869 -0.35920
vt 0.65869 -0.35920
vt 0.65869 -0.35920
vt 0.61679 -0.35026
vt 0.61130 -0.36933
vt 0.55622 -0.38045
vt 0.61130 -0.36933
vt 0.60617 -0.39490
vt 0.63967 -0.38057
vt 0.75080 -0.45248
vt 0.63967 -0.38057
vt 0.73883 -0.39453
vt 0.70811 -0.39571
vt 0.74715 -0.31697
vt 0.68058 -0.37444
vt 0.66164 -0.33765
vt 0.66164 -0.33765
vt 0.89629 -0.83605
vt 0.89629 -0.83605
vt 0.93792 -0.83612
vt 0.94680 -0.86548
vt 0.94680 -0.86548
vt 0.94680 -0.86548
vt 0.94680 -0.86548
vt 0.21947 -0.41204
vt 0.21947 -0.41204
vt 0.21947 -0.41204
vt 0.21949 -0.41166
vt 0.21933 -0.41138
vt 0.21945 -0.41077
vt 0.21935 -0.41078
vt 0.21954 -0.41066
vt 0.21950 -0.41045
vt 0.21964 -0.41075
vt 0.21972 -0.41064
vt 0.21984 -0.41135
vt 0.21984 -0.41135
vt 0.03467 -0.99661
vt 0.03467 -0.99661
vt 0.01102 -0.92991
vt 0.00890 -0.99618
vt 0.00890 -0.99618
vt 0.00614 -0.72879
vt 0.00614 -0.72879
vt 0.00614 -0.72879
vt 0.00514 -0.77653
vt 0.02660 -0.77658
vt 0.01102 -0.92991
vt 0.04729 -0.93850
vt 0.03467 -0.99661
vt 0.04729 -0.93850
vt 0.06126 -0.99794
vt 0.09580 -0.92552
vt 0.09157 -0.99588
vt 0.09580 -0.92552
vt 0.13633 -0.99441
vt 0.13951 -0.91853
vt 0.17150 -0.99233
vt 0.17150 -0.99233
vt 0.17982 -0.76719
vt 0.17982 -0.76719
vt 0.13934 -0.77501
vt 0.13619 -0.72589
vt 0.09104 -0.77797
vt 0.13619 -0.72589
vt 0.09104 -0.77797
vt 0.08889 -0.73104
vt 0.05660 -0.77896
vt 0.08889 -0.73104
vt 0.05449 -0.73008
vt 0.08613 -0.68474
vt 0.05344 -0.68534
vt 0.05996 -0.57914
vt 0.03456 -0.58974
vt 0.03456 -0.58974
vt 0.17319 -0.67018
vt 0.17319 -0.67018
vt 0.13684 -0.62991
vt 0.13861 -0.66831
vt 0.13684 -0.62991
vt 0.13684 -0.62991
vt 0.08613 -0.68474
vt 0.13861 -0.66831
vt 0.13619 -0.72589
vt 0.17319 -0.67018
vt 0.17241 -0.71522
vt 0.20871 -0.71383
vt 0.17982 -0.76719
vt 0.20746 -0.76528
vt 0.18524 -0.91777
vt 0.23978 -0.91169
vt 0.23978 -0.91169
vt 0.17241 -0.71522
vt 0.17241 -0.71522
vt 0.17241 -0.71522
vt 0.13619 -0.72589
vt 0.17982 -0.76719
vt 0.17982 -0.76719
vt 0.75021 -0.07059
vt 0.75021 -0.07059
vt 0.75021 -0.07059
vt 0.79484 -0.08446
vt 0.84537 -0.04150
vt 0.88737 -0.06520
vt 0.95497 -0.02190
vt 0.99506 -0.07920
vt 0.95497 -0.02190
vt 0.99506 -0.07920
vt 0.95497 -0.02190
vt 0.88737 -0.06520
vt 0.84537 -0.04150
vt 0.79484 -0.08446
vt 0.84537 -0.04150
vt 0.75021 -0.07059
vt 0.84755 -0.00312
vt 0.76492 -0.01311
vt 0.75021 -0.07059
vt 0.75021 -0.07059
vt 0.21949 -0.41166
vt 0.21949 -0.41166
vt 0.21949 -0.41166
vt 0.21947 -0.41204
vt 0.21949 -0.41166
vt 0.21933 -0.41138
vt 0.21945 -0.41077
vt 0.21935 -0.41078
vt 0.21954 -0.41066
vt 0.21950 -0.41045
vt 0.21964 -0.41075
vt 0.21972 -0.41064
vt 0.21964 -0.41075
vt 0.21984 -0.41135
vt 0.21968 -0.41161
vt 0.21980 -0.41189
vt 0.21962 -0.41179
vt 0.21963 -0.41217
vt 0.21963 -0.41217
vt 0.99622 -0.11009
vt 0.99622 -0.11009
vt 0.92885 -0.25000
vt 0.96135 -0.10755
vt 0.96135 -0.10755
vt 0.85769 -0.10718
vt 0.85769 -0.10718
vt 0.85769 -0.10718
vt 0.78441 -0.19748
vt 0.85868 -0.11147
vt 0.85868 -0.11147
vt 0.85868 -0.11147
vt 0.85868 -0.11147
vt 0.89543 -0.29029
vt 0.89543 -0.29029
vt 0.89543 -0.29029
vt 0.89045 -0.24647
vt 0.93877 -0.30110
vt 0.92885 -0.25000
vt 0.96146 -0.25559
vt 0.92885 -0.25000
vt 0.99768 -0.18733
vt 0.99622 -0.11009
vt 0.92885 -0.25000
vt 0.96135 -0.10755
vt 0.92885 -0.25000
vt 0.91937 -0.10664
vt 0.89045 -0.24647
vt 0.85868 -0.11147
vt 0.85497 -0.25089
vt 0.78441 -0.19748
vt 0.82814 -0.29377
vt 0.78713 -0.33289
vt 0.78713 -0.33289
vt 0.55354 -0.39807
vt 0.55354 -0.39807
vt 0.50168 -0.48413
vt 0.56791 -0.47948
vt 0.56791 -0.47948
vt 0.66164 -0.33765
vt 0.66164 -0.33765
vt 0.66164 -0.33765
vt 0.74715 -0.31697
vt 0.68058 -0.37444
vt 0.70811 -0.39571
vt 0.63967 -0.38057
vt 0.73883 -0.39453
vt 0.63967 -0.38057
vt 0.75080 -0.45248
vt 0.60617 -0.39490
vt 0.62597 -0.47534
vt 0.60617 -0.39490
vt 0.56791 -0.47948
vt 0.60617 -0.39490
vt 0.56791 -0.47948
vt 0.55354 -0.39807
vt 0.50168 -0.48413
vt 0.50217 -0.39572
vt 0.55354 -0.39807
vt 0.55354 -0.39807
vt 0.46347 -0.69989
vt 0.46347 -0.69989
vt 0.49392 -0.74178
vt 0.46347 -0.69989
vt 0.46560 -0.74777
vt 0.41475 -0.70210
vt 0.40697 -0.73015
vt 0.36734 -0.72868
vt 0.36661 -0.85959
vt 0.33571 -0.74514
vt 0.33382 -0.86354
vt 0.40822 -0.75063
vt 0.38722 -0.86269
vt 0.40822 -0.75063
vt 0.43344 -0.86156
vt 0.46423 -0.74618
vt 0.48158 -0.86075
vt 0.48979 -0.73458
vt 0.48979 -0.73458
vt 0.50535 -0.84183
vt 0.50535 -0.84183
vt 0.50535 -0.84183
vt 0.50446 -0.84191
vt 0.50436 -0.84176
vt 0.50406 -0.84233
vt 0.50372 -0.84233
vt 0.50440 -0.84260
vt 0.50419 -0.84276
vt 0.50497 -0.84261
vt 0.50510 -0.84281
vt 0.50535 -0.84233
vt 0.50559 -0.84234
vt 0.50513 -0.84196
vt 0.50535 -0.84183
vt 0.50535 -0.84183
vt 0.50535 -0.84183
vt 0.50535 -0.84183
vt 0.48546 -0.71198
vt 0.48546 -0.71198
vt 0.48546 -0.71198
vt 0.49639 -0.73526
vt 0.46512 -0.74927
vt 0.49038 -0.86075
vt 0.46512 -0.74927
vt 0.44443 -0.86156
vt 0.41482 -0.75063
vt 0.40701 -0.86489
vt 0.41482 -0.75063
vt 0.33382 -0.86354
vt 0.33571 -0.74514
vt 0.36661 -0.85959
vt 0.36734 -0.72868
vt 0.40697 -0.73015
vt 0.41475 -0.70210
vt 0.46560 -0.74515
vt 0.46347 -0.69989
vt 0.46347 -0.69989
vt 0.50535 -0.84183
vt 0.50535 -0.84183
vt 0.50535 -0.84183
vt 0.50513 -0.84196
vt 0.50559 -0.84234
vt 0.50535 -0.84233
vt 0.50510 -0.84281
vt 0.50497 -0.84261
vt 0.50419 -0.84276
vt 0.50440 -0.84260
vt 0.50372 -0.84233
vt 0.50406 -0.84233
vt 0.50436 -0.84176
vt 0.50446 -0.84191
vt 0.50535 -0.84183
vt 0.50535 -0.84183
vt 0.41949 -0.28463
vt 0.41949 -0.28463
vt 0.41949 -0.28463
vt 0.37973 -0.33575
vt 0.41949 -0.28463
vt 0.37973 -0.33575
vt 0.39403 -0.28951
vt 0.39403 -0.28951
vt 0.95161 -0.33224
vt 0.95161 -0.33224
vt 0.95161 -0.33224
vt 0.99679 -0.33422
vt 0.98051 -0.31854
vt 0.98051 -0.31854
vt 0.95161 -0.33224
vt 0.95161 -0.33224
vt 0.95161 -0.33224
vt 0.98051 -0.31854
vt 0.99679 -0.33422
vt 0.99643 -0.31600
vt 0.98051 -0.31854
vt 0.99629 -0.30230
vt 0.98246 -0.30555
vt 0.99771 -0.29089
vt 0.97535 -0.29300
vt 0.99696 -0.27645
vt 0.96306 -0.27890
vt 0.99764 -0.26638
vt 0.96306 -0.27890
vt 0.96146 -0.25559
vt 0.96306 -0.27890
vt 0.93877 -0.30110
vt 0.97535 -0.29300
vt 0.94019 -0.32572
vt 0.97316 -0.30832
vt 0.94295 -0.36517
vt 0.94295 -0.36517
vt 0.62446 -0.15031
vt 0.62446 -0.15031
vt 0.54986 -0.31397
vt 0.61825 -0.31222
vt 0.61825 -0.31222
vt 0.43837 -0.80282
vt 0.43837 -0.80282
vt 0.43837 -0.80282
vt 0.42490 -0.76822
vt 0.43837 -0.80282
vt 0.42490 -0.76822
vt 0.45997 -0.76057
vt 0.42408 -0.70914
vt 0.46017 -0.69445
vt 0.42554 -0.67868
vt 0.46370 -0.67269
vt 0.42563 -0.66061
vt 0.44761 -0.60282
vt 0.42716 -0.60857
vt 0.44761 -0.60282
vt 0.42563 -0.66061
vt 0.46370 -0.67269
vt 0.42554 -0.67868
vt 0.46017 -0.69445
vt 0.42408 -0.70914
vt 0.45997 -0.76057
vt 0.42490 -0.76822
vt 0.43837 -0.80282
vt 0.43837 -0.80282
vt 0.67276 -0.60951
vt 0.67276 -0.60951
vt 0.67276 -0.60951
vt 0.69471 -0.53941
vt 0.62584 -0.54466
vt 0.64552 -0.50497
vt 0.59159 -0.53044
vt 0.59781 -0.50581
vt 0.56138 -0.53073
vt 0.57323 -0.50537
vt 0.56138 -0.53073
vt 0.52860 -0.50967
vt 0.56138 -0.53073
vt 0.52842 -0.54283
vt 0.58448 -0.57870
vt 0.53015 -0.57325
vt 0.58854 -0.61360
vt 0.52969 -0.61555
vt 0.58854 -0.61360
vt 0.52755 -0.77584
vt 0.59651 -0.77126
vt 0.52935 -0.83059
vt 0.59651 -0.77126
vt 0.52935 -0.83059
vt 0.61229 -0.83954
vt 0.56792 -0.89898
vt 0.62419 -0.90546
vt 0.58152 -0.99364
vt 0.62419 -0.90546
vt 0.62566 -0.99455
vt 0.62419 -0.90546
vt 0.70204 -0.99096
vt 0.62419 -0.90546
vt 0.70157 -0.89982
vt 0.70218 -0.82021
vt 0.70218 -0.82021
vt 0.32537 -0.88998
vt 0.32537 -0.88998
vt 0.32537 -0.88998
vt 0.37650 -0.99001
vt 0.33535 -0.99225
vt 0.33535 -0.99225
vt 0.49539 -0.79068
vt 0.49539 -0.79068
vt 0.49539 -0.79068
vt 0.40740 -0.81842
vt 0.41772 -0.72065
vt 0.41772 -0.72065
vt 0.49592 -0.48160
vt 0.49592 -0.48160
vt 0.49592 -0.48160
vt 0.49552 -0.46333
vt 0.49592 -0.48160
vt 0.48831 -0.45732
vt 0.39241 -0.47631
vt 0.39737 -0.45489
vt 0.36740 -0.43812
vt 0.39737 -0.45489
vt 0.39940 -0.39417
vt 0.42114 -0.40751
vt 0.41812 -0.31559
vt 0.45128 -0.31174
vt 0.41949 -0.28463
vt 0.44802 -0.27909
vt 0.41949 -0.28463
vt 0.44802 -0.27909
vt 0.44850 -0.18333
vt 0.47924 -0.27817
vt 0.47765 -0.18170
vt 0.49707 -0.18322
vt 0.47570 -0.11477
vt 0.49719 -0.11817
vt 0.47570 -0.11477
vt 0.49589 -0.07486
vt 0.47702 -0.07536
vt 0.49582 -0.05175
vt 0.47702 -0.07536
vt 0.46317 -0.05018
vt 0.44780 -0.07594
vt 0.43279 -0.04964
vt 0.42420 -0.07850
vt 0.41938 -0.05024
vt 0.40314 -0.08880
vt 0.39711 -0.05000
vt 0.39711 -0.05000
vt 0.47967 -0.72269
vt 0.47967 -0.72269
vt 0.47295 -0.66057
vt 0.47912 -0.60071
vt 0.47912 -0.60071
vt 0.43698 -0.50937
vt 0.43698 -0.50937
vt 0.43698 -0.50937
vt 0.47735 -0.55008
vt 0.48348 -0.50520
vt 0.48348 -0.50520
vt 0.30958 -0.99481
vt 0.30958 -0.99481
vt 0.30958 -0.99481
vt 0.36262 -0.99312
vt 0.30779 -0.91886
vt 0.40594 -0.89716
vt 0.40003 -0.83783
vt 0.48041 -0.80792
vt 0.39949 -0.76615
vt 0.47967 -0.72269
vt 0.39949 -0.76615
vt 0.47967 -0.72269
vt 0.42909 -0.63724
vt 0.47912 -0.60071
vt 0.43003 -0.56190
vt 0.47735 -0.55008
vt 0.43381 -0.53874
vt 0.43698 -0.50937
vt 0.43381 -0.53874
vt 0.38707 -0.50362
vt 0.43381 -0.53874
vt 0.38840 -0.53562
vt 0.38121 -0.59029
vt 0.35363 -0.53689
vt 0.35308 -0.58863
vt 0.31389 -0.55796
vt 0.35308 -0.58863
vt 0.31053 -0.64124
vt 0.38504 -0.62899
vt 0.30837 -0.78539
vt 0.39949 -0.76615
vt 0.30822 -0.84675
vt 0.40003 -0.83783
vt 0.30779 -0.91886
vt 0.30779 -0.91886
vt 0.28424 -0.26507
vt 0.28424 -0.26507
vt 0.21738 -0.30649
vt 0.23336 -0.26718
vt 0.19797 -0.24354
vt 0.23789 -0.17979
vt 0.20237 -0.15461
vt 0.28782 -0.03916
vt 0.20958 -0.07732
vt 0.21331 -0.03509
vt 0.14346 -0.07623
vt 0.21331 -0.03509
vt 0.14373 -0.04081
vt 0.21331 -0.03509
vt 0.14346 -0.07623
vt 0.21331 -0.03509
vt 0.20958 -0.07732
vt 0.21331 -0.03509
vt 0.20958 -0.07732
vt 0.28782 -0.03916
vt 0.20237 -0.15461
vt 0.23789 -0.17979
vt 0.19797 -0.24354
vt 0.23420 -0.26239
vt 0.21738 -0.30649
vt 0.28424 -0.26507
vt 0.27345 -0.30795
vt 0.21738 -0.30649
vt 0.24993 -0.37677
vt 0.21738 -0.30649
vt 0.16087 -0.33689
vt 0.19797 -0.24354
vt 0.14218 -0.23251
vt 0.20237 -0.15461
vt 0.14686 -0.15589
vt 0.20958 -0.07732
vt 0.14430 -0.07641
vt 0.14430 -0.07641
vt 0.28012 -0.27317
vt 0.28012 -0.27317
vt 0.21835 -0.30636
vt 0.24630 -0.25250
vt 0.19797 -0.24354
vt 0.24971 -0.18872
vt 0.20237 -0.15461
vt 0.28782 -0.03916
vt 0.19447 -0.07732
vt 0.18995 -0.03921
vt 0.14346 -0.07623
vt 0.18995 -0.03921
vt 0.14373 -0.04081
vt 0.18995 -0.03921
vt 0.14346 -0.07623
vt 0.18995 -0.03921
vt 0.19447 -0.07732
vt 0.28782 -0.03916
vt 0.20237 -0.15461
vt 0.24971 -0.18872
vt 0.19797 -0.24354
vt 0.24971 -0.18872
vt 0.19797 -0.24354
vt 0.24545 -0.25729
vt 0.21835 -0.30636
vt 0.28012 -0.27317
vt 0.26906 -0.30823
vt 0.21835 -0.30636
vt 0.25281 -0.37484
vt 0.21835 -0.30636
vt 0.16527 -0.34129
vt 0.19797 -0.24354
vt 0.14218 -0.23251
vt 0.20237 -0.15461
vt 0.14686 -0.15589
vt 0.19447 -0.07732
vt 0.14430 -0.07641
vt 0.14430 -0.07641
vt 0.75021 -0.07059
vt 0.75021 -0.07059
vt 0.76492 -0.01311
vt 0.70857 -0.05932
vt 0.70857 -0.05932
vt 0.75021 -0.07059
vt 0.75021 -0.07059
vt 0.75021 -0.07059
vt 0.70857 -0.05932
vt 0.72535 -0.14223
vt 0.72535 -0.14223
vt 0.61679 -0.35026
vt 0.61679 -0.35026
vt 0.61679 -0.35026
vt 0.65319 -0.34724
vt 0.65581 -0.30615
vt 0.65581 -0.30615
vt 0.75021 -0.07059
vt 0.75021 -0.07059
vt 0.75021 -0.07059
vt 0.72535 -0.14223
vt 0.79484 -0.08446
vt 0.83245 -0.10333
vt 0.88737 -0.06520
vt 0.90905 -0.09425
vt 0.88737 -0.06520
vt 0.90905 -0.09425
vt 0.99506 -0.07920
vt 0.99276 -0.09238
vt 0.99506 -0.07920
vt 0.90994 -0.09670
vt 0.88737 -0.06520
vt 0.83207 -0.10968
vt 0.79484 -0.08446
vt 0.72535 -0.14223
vt 0.75021 -0.07059
vt 0.70857 -0.05932
vt 0.76492 -0.01311
vt 0.64319 -0.00633
vt 0.70857 -0.05932
vt 0.62643 -0.06860
vt 0.72535 -0.14223
vt 0.62446 -0.15031
vt 0.65581 -0.30615
vt 0.61825 -0.31222
vt 0.61679 -0.35026
vt 0.54986 -0.31397
vt 0.55272 -0.34766
vt 0.50454 -0.35175
vt 0.55622 -0.38045
vt 0.50309 -0.37855
vt 0.50309 -0.37855
vt 0.00435 -0.55957
vt 0.00435 -0.55957
vt 0.00370 -0.61645
vt 0.00382 -0.62132
vt 0.00382 -0.62132
vt 0.17319 -0.67018
vt 0.17319 -0.67018
vt 0.17319 -0.67018
vt 0.20871 -0.71383
vt 0.17241 -0.71522
vt 0.17241 -0.71522
vt 0.00226 -0.38374
vt 0.00226 -0.38374
vt 0.00226 -0.38374
vt 0.04521 -0.38034
vt 0.00226 -0.38374
vt 0.04521 -0.38034
vt 0.05380 -0.47554
vt 0.08298 -0.38045
vt 0.09857 -0.57619
vt 0.13905 -0.55437
vt 0.13684 -0.62991
vt 0.18894 -0.55054
vt 0.17319 -0.67018
vt 0.21710 -0.66647
vt 0.20871 -0.71383
vt 0.25951 -0.72019
vt 0.20871 -0.71383
vt 0.20746 -0.76528
vt 0.17982 -0.76719
vt 0.18524 -0.91777
vt 0.17982 -0.76719
vt 0.13951 -0.91853
vt 0.13934 -0.77501
vt 0.09580 -0.92552
vt 0.09104 -0.77797
vt 0.04729 -0.93850
vt 0.05660 -0.77896
vt 0.02660 -0.77658
vt 0.05449 -0.73008
vt 0.02741 -0.72827
vt 0.02796 -0.68934
vt 0.00614 -0.72879
vt 0.02796 -0.68934
vt 0.00530 -0.69808
vt 0.02796 -0.68934
vt 0.00370 -0.61645
vt 0.03456 -0.58974
vt 0.00435 -0.55957
vt 0.05996 -0.57914
vt 0.05380 -0.47554
vt 0.05996 -0.57914
vt 0.09857 -0.57619
vt 0.08613 -0.68474
vt 0.13684 -0.62991
vt 0.13861 -0.66831
vt 0.17319 -0.67018
vt 0.13861 -0.66831
vt 0.17319 -0.67018
vt 0.13619 -0.72589
vt 0.17241 -0.71522
vt 0.17982 -0.76719
vt 0.20871 -0.71383
vt 0.20871 -0.71383
vt 0.81308 -0.49439
vt 0.81308 -0.49439
vt 0.76874 -0.45497
vt 0.82273 -0.45470
vt 0.80243 -0.38730
vt 0.85901 -0.42253
vt 0.80038 -0.34143
vt 0.82420 -0.34743
vt 0.78713 -0.33289
vt 0.82814 -0.29377
vt 0.78441 -0.19748
vt 0.82814 -0.29377
vt 0.85497 -0.25089
vt 0.82814 -0.29377
vt 0.85763 -0.29711
vt 0.82814 -0.29377
vt 0.86010 -0.31755
vt 0.82420 -0.34743
vt 0.89791 -0.37627
vt 0.85901 -0.42253
vt 0.92121 -0.43132
vt 0.91613 -0.46776
vt 0.96925 -0.43389
vt 0.94707 -0.47361
vt 0.99792 -0.46670
vt 0.99609 -0.47401
vt 0.94707 -0.47361
vt 0.96333 -0.49342
vt 0.91521 -0.49634
vt 0.95824 -0.50703
vt 0.93628 -0.55471
vt 0.95824 -0.50703
vt 0.97101 -0.56404
vt 0.99575 -0.51162
vt 0.99806 -0.56654
vt 0.99575 -0.51162
vt 0.99806 -0.56654
vt 0.99575 -0.51162
vt 0.97101 -0.56404
vt 0.95824 -0.50703
vt 0.93628 -0.55471
vt 0.91521 -0.49634
vt 0.88400 -0.55779
vt 0.91521 -0.49634
vt 0.81308 -0.49439
vt 0.86742 -0.50303
vt 0.82273 -0.45470
vt 0.86742 -0.50303
vt 0.85901 -0.42253
vt 0.86742 -0.50303
vt 0.91613 -0.46776
vt 0.91521 -0.49634
vt 0.94707 -0.47361
vt 0.96333 -0.49342
vt 0.99609 -0.47401
vt 0.99546 -0.49688
vt 0.96333 -0.49342
vt 0.96333 -0.49342
vt 0.61679 -0.35026
vt 0.61679 -0.35026
vt 0.65581 -0.30615
vt 0.65319 -0.34724
vt 0.65319 -0.34724
vt 0.00890 -0.99618
vt 0.00890 -0.99618
vt 0.00890 -0.99618
vt 0.01102 -0.92991
vt 0.03467 -0.99661
vt 0.04729 -0.93850
vt 0.06126 -0.99794
vt 0.09580 -0.92552
vt 0.09157 -0.99588
vt 0.09580 -0.92552
vt 0.13633 -0.99441
vt 0.13951 -0.91853
vt 0.17150 -0.99233
vt 0.18524 -0.91777
vt 0.17150 -0.99233
vt 0.18524 -0.91777
vt 0.19907 -0.99206
vt 0.18524 -0.91777
vt 0.23978 -0.91169
vt 0.20746 -0.76528
vt 0.28714 -0.77005
vt 0.25951 -0.72019
vt 0.28822 -0.71164
vt 0.25951 -0.72019
vt 0.28862 -0.66177
vt 0.21710 -0.66647
vt 0.26450 -0.55898
vt 0.22991 -0.54506
vt 0.29056 -0.52347
vt 0.29111 -0.38331
vt 0.22991 -0.54506
vt 0.21666 -0.37974
vt 0.18894 -0.55054
vt 0.16917 -0.38076
vt 0.18894 -0.55054
vt 0.13742 -0.38039
vt 0.13905 -0.55437
vt 0.08298 -0.38045
vt 0.09857 -0.57619
vt 0.05380 -0.47554
vt 0.05996 -0.57914
vt 0.00435 -0.55957
vt 0.03456 -0.58974
vt 0.00370 -0.61645
vt 0.02796 -0.68934
vt 0.00530 -0.69808
vt 0.02796 -0.68934
vt 0.00614 -0.72879
vt 0.02741 -0.72827
vt 0.02660 -0.77658
vt 0.05449 -0.73008
vt 0.05660 -0.77896
vt 0.08889 -0.73104
vt 0.09104 -0.77797
vt 0.13619 -0.72589
vt 0.13934 -0.77501
vt 0.13619 -0.72589
vt 0.13934 -0.77501
vt 0.17982 -0.76719
vt 0.13951 -0.91853
vt 0.18524 -0.91777
vt 0.17150 -0.99233
vt 0.18524 -0.91777
vt 0.19907 -0.99206
vt 0.23978 -0.91169
vt 0.23855 -0.99314
vt 0.23978 -0.91169
vt 0.28929 -0.99583
vt 0.23978 -0.91169
vt 0.28950 -0.92479
vt 0.23978 -0.91169
vt 0.28714 -0.77005
vt 0.20746 -0.76528
vt 0.25951 -0.72019
vt 0.20871 -0.71383
vt 0.21710 -0.66647
vt 0.17319 -0.67018
vt 0.18894 -0.55054
vt 0.13684 -0.62991
vt 0.13905 -0.55437
vt 0.13684 -0.62991
vt 0.09857 -0.57619
vt 0.08613 -0.68474
vt 0.05996 -0.57914
vt 0.05344 -0.68534
vt 0.03456 -0.58974
vt 0.05344 -0.68534
vt 0.02796 -0.68934
vt 0.05449 -0.73008
vt 0.02741 -0.72827
vt 0.02741 -0.72827
vt 0.14076 -0.39305
vt 0.14076 -0.39305
vt 0.14043 -0.39600
vt 0.14153 -0.39304
vt 0.14153 -0.39304
vt 0.42426 -0.76723
vt 0.42426 -0.76723
vt 0.42426 -0.76723
vt 0.42426 -0.76723
vt 0.42426 -0.76723
vt 0.42442 -0.77000
vt 0.42475 -0.76705
vt 0.42475 -0.76705
vt 0.42442 -0.77000
vt 0.42442 -0.77000
vt 0.42442 -0.77000
vt 0.42426 -0.76723
vt 0.42355 -0.76973
vt 0.42355 -0.76973
vt 0.50309 -0.84249
vt 0.50309 -0.84249
vt 0.50309 -0.84249
vt 0.50306 -0.84385
vt 0.50342 -0.84226
vt 0.50342 -0.84226
vt 0.42559 -0.77006
vt 0.42559 -0.77006
vt 0.42559 -0.77006
vt 0.42552 -0.76704
vt 0.42442 -0.77000
vt 0.42442 -0.77000
vt 0.50176 -0.84482
vt 0.50176 -0.84482
vt 0.50176 -0.84482
vt 0.50179 -0.84410
vt 0.50253 -0.84410
vt 0.50253 -0.84410
vt 0.18414 -0.05779
vt 0.18414 -0.05779
vt 0.18414 -0.05779
vt 0.19304 -0.07386
vt 0.21053 -0.05896
vt 0.21053 -0.05896
vt 0.19304 -0.07386
vt 0.19304 -0.07386
vt 0.19304 -0.07386
vt 0.23756 -0.06062
vt 0.21053 -0.05896
vt 0.21053 -0.05896
vt 0.21053 -0.05896
vt 0.21053 -0.05896
vt 0.19304 -0.07386
vt 0.19304 -0.07386
vt 0.19304 -0.07386
vt 0.18414 -0.05779
vt 0.14896 -0.09031
vt 0.14896 -0.09031
vt 0.12989 -0.04834
vt 0.12989 -0.04834
vt 0.12989 -0.04834
vt 0.02833 -0.04801
vt 0.11128 -0.00815
vt 0.11128 -0.00815
vt 0.24751 -0.18322
vt 0.24751 -0.18322
vt 0.24751 -0.18322
vt 0.28992 -0.14564
vt 0.28782 -0.03916
vt 0.28782 -0.03916
vt 0.41222 -0.87666
vt 0.41222 -0.87666
vt 0.41222 -0.87666
vt 0.40740 -0.81842
vt 0.49539 -0.79068
vt 0.49539 -0.79068
vt 0.14076 -0.39305
vt 0.14076 -0.39305
vt 0.14076 -0.39305
vt 0.14153 -0.39304
vt 0.14043 -0.39600
vt 0.14043 -0.39600
vt 0.42426 -0.76723
vt 0.42426 -0.76723
vt 0.42426 -0.76723
vt 0.42475 -0.76705
vt 0.42442 -0.77000
vt 0.42442 -0.77000
vt 0.42442 -0.77000
vt 0.42442 -0.77000
vt 0.42442 -0.77000
vt 0.42355 -0.76973
vt 0.42442 -0.77000
vt 0.42355 -0.76973
vt 0.42426 -0.76723
vt 0.42426 -0.76723
vt 0.50309 -0.84249
vt 0.50309 -0.84249
vt 0.50309 -0.84249
vt 0.50342 -0.84226
vt 0.50306 -0.84385
vt 0.50306 -0.84385
vt 0.41222 -0.87666
vt 0.41222 -0.87666
vt 0.41222 -0.87666
vt 0.49539 -0.79068
vt 0.49277 -0.88028
vt 0.49277 -0.88028
vt 0.42559 -0.77006
vt 0.42559 -0.77006
vt 0.42559 -0.77006
vt 0.42442 -0.77000
vt 0.42552 -0.76704
vt 0.42552 -0.76704
vt 0.50176 -0.84482
vt 0.50176 -0.84482
vt 0.50176 -0.84482
vt 0.50253 -0.84410
vt 0.50179 -0.84410
vt 0.50179 -0.84410
vt 0.19304 -0.07386
vt 0.19304 -0.07386
vt 0.19304 -0.07386
vt 0.14708 -0.01483
vt 0.18414 -0.05779
vt 0.18414 -0.05779
vt 0.22420 -0.38880
vt 0.22420 -0.38880
vt 0.22420 -0.38880
vt 0.22408 -0.38853
vt 0.22401 -0.38870
vt 0.22401 -0.38870
vt 0.21963 -0.41217
vt 0.21963 -0.41217
vt 0.21963 -0.41217
vt 0.21963 -0.41217
vt 0.21963 -0.41217
vt 0.21980 -0.41189
vt 0.21962 -0.41179
vt 0.21962 -0.41179
vt 0.12989 -0.04834
vt 0.12989 -0.04834
vt 0.12989 -0.04834
vt 0.11128 -0.00815
vt 0.02833 -0.04801
vt 0.02833 -0.04801
vt 0.50446 -0.84191
vt 0.50446 -0.84191
vt 0.50446 -0.84191
vt 0.50535 -0.84183
vt 0.50513 -0.84196
vt 0.50513 -0.84196
vt 0.30173 -0.48705
vt 0.30173 -0.48705
vt 0.30173 -0.48705
vt 0.29839 -0.47267
vt 0.36315 -0.44628
vt 0.36315 -0.44628
vt 0.36315 -0.44628
vt 0.29841 -0.45233
vt 0.29839 -0.47267
vt 0.29839 -0.47267
vt 0.29841 -0.45453
vt 0.29841 -0.45453
vt 0.29841 -0.45453
vt 0.36193 -0.47048
vt 0.36315 -0.45617
vt 0.36315 -0.45617
vt 0.40649 -0.44933
vt 0.40649 -0.44933
vt 0.40649 -0.44933
vt 0.39376 -0.47110
vt 0.39408 -0.44833
vt 0.39408 -0.44833
vt 0.38870 -0.35811
vt 0.38870 -0.35811
vt 0.38870 -0.35811
vt 0.38870 -0.35811
vt 0.38870 -0.35811
vt 0.38776 -0.34970
vt 0.38476 -0.35745
vt 0.38476 -0.35745
vt 0.33150 -0.33727
vt 0.33150 -0.33727
vt 0.33150 -0.33727
vt 0.38776 -0.34970
vt 0.38503 -0.35298
vt 0.38503 -0.35298
vt 0.33734 -0.37148
vt 0.33734 -0.37148
vt 0.33734 -0.37148
vt 0.36113 -0.40729
vt 0.36413 -0.39954
vt 0.36413 -0.39954
vt 0.50446 -0.84191
vt 0.50446 -0.84191
vt 0.50446 -0.84191
vt 0.50513 -0.84196
vt 0.50535 -0.84183
vt 0.50535 -0.84183
vt 0.30173 -0.48705
vt 0.30173 -0.48705
vt 0.30173 -0.48705
vt 0.36315 -0.44628
vt 0.29839 -0.47267
vt 0.36315 -0.44628
vt 0.36315 -0.44628
vt 0.29839 -0.47267
vt 0.29841 -0.45233
vt 0.29841 -0.45233
vt 0.29841 -0.45453
vt 0.29841 -0.45453
vt 0.29841 -0.45453
vt 0.36315 -0.45617
vt 0.36193 -0.47048
vt 0.36193 -0.47048
vt 0.40649 -0.44933
vt 0.40649 -0.44933
vt 0.40649 -0.44933
vt 0.40649 -0.44933
vt 0.40649 -0.44933
vt 0.39408 -0.44833
vt 0.39376 -0.47110
vt 0.39376 -0.47110
vt 0.38870 -0.35811
vt 0.38870 -0.35811
vt 0.38870 -0.35811
vt 0.38476 -0.35745
vt 0.38776 -0.34970
vt 0.38776 -0.34970
vt 0.33150 -0.33727
vt 0.33150 -0.33727
vt 0.33150 -0.33727
vt 0.38503 -0.35298
vt 0.38776 -0.34970
vt 0.38776 -0.34970
vt 0.84276 -0.09852
vt 0.84276 -0.09852
vt 0.84276 -0.09852
vt 0.72535 -0.14223
vt 0.78441 -0.19748
vt 0.78441 -0.19748
vt 0.95148 -0.33251
vt 0.95148 -0.33251
vt 0.95148 -0.33251
vt 0.97314 -0.30836
vt 0.94293 -0.36497
vt 0.94293 -0.36497
vt 0.94295 -0.36517
vt 0.94295 -0.36517
vt 0.94295 -0.36517
vt 0.99713 -0.38129
vt 0.95161 -0.33224
vt 0.95161 -0.33224
vt 0.95142 -0.33245
vt 0.95142 -0.33245
vt 0.95142 -0.33245
vt 0.94277 -0.36513
vt 0.97322 -0.30836
vt 0.97322 -0.30836
vt 0.97322 -0.30836
vt 0.97322 -0.30836
vt 0.94295 -0.36517
vt 0.94295 -0.36517
vt 0.94295 -0.36517
vt 0.95161 -0.33224
vt 0.99713 -0.38129
vt 0.99713 -0.38129
vt 0.96860 -0.84770
vt 0.96860 -0.84770
vt 0.96860 -0.84770
vt 0.99994 -0.84739
vt 0.99920 -0.84448
vt 0.99920 -0.84448
vt 0.96860 -0.84770
vt 0.96860 -0.84770
vt 0.96860 -0.84770
vt 0.99920 -0.84448
vt 0.99994 -0.84739
vn -0.42188 -0.28125 -0.84375
vn -0.23438 -0.33594 -0.89844
vn -0.30469 -0.25000 -0.90625
vn 0.00000 -0.38281 -0.90625
vn 0.00000 -0.38281 -0.90625
vn 0.42188 -0.28125 -0.84375
vn 0.42188 -0.28125 -0.84375
vn 0.30469 -0.25000 -0.90625
vn 0.23438 -0.33594 -0.89844
vn 0.00000 -0.38281 -0.90625
vn 0.00000 -0.38281 -0.90625
vn -0.93750 0.32031 0.00781
vn -0.93750 0.32031 0.00781
vn -0.67188 0.07812 -0.71875
vn -0.67188 0.07812 -0.71875
vn -0.14844 -0.06250 -0.97656
vn -0.14844 -0.06250 -0.97656
vn -0.74219 -0.64062 0.13281
vn -0.74219 -0.64062 0.13281
vn -0.92969 -0.32031 -0.05469
vn -0.96094 -0.22656 0.03125
vn -0.87500 -0.39844 0.21875
vn -0.87500 -0.39844 0.21875
vn 0.74219 -0.64062 0.13281
vn 0.74219 -0.64062 0.13281
vn 0.96094 -0.21875 0.02344
vn 0.92969 -0.32031 -0.05469
vn 0.87500 -0.41406 0.20312
vn 0.87500 -0.41406 0.20312
vn -0.33594 -0.85156 0.35938
vn -0.33594 -0.85156 0.35938
vn 0.01562 -0.91406 -0.36719
vn -0.63281 -0.48438 0.57031
vn 0.06250 -0.97656 -0.14062
vn 0.06250 -0.97656 -0.14062
vn 0.42188 -0.81250 -0.36719
vn 0.42188 -0.81250 -0.36719
vn 0.49219 -0.78906 0.32812
vn -0.03125 -0.70312 -0.69531
vn 0.22656 -0.75781 0.58594
vn 0.22656 -0.75781 0.58594
vn 0.34375 -0.84375 0.36719
vn 0.34375 -0.84375 0.36719
vn 0.66406 -0.45312 0.56250
vn 0.01562 -0.91406 -0.36719
vn -0.01562 -0.97656 -0.14844
vn 0.01562 -0.91406 -0.36719
vn 0.01562 -0.91406 -0.36719
vn 0.01562 -0.91406 -0.36719
vn 0.06250 -0.69531 -0.69531
vn -0.42969 -0.64844 -0.60938
vn -0.42969 -0.64844 -0.60938
vn -0.37500 -0.83594 -0.36719
vn -0.37500 -0.83594 -0.36719
vn -0.37500 -0.83594 -0.36719
vn 0.06250 -0.69531 -0.69531
vn -0.44531 -0.81250 0.32812
vn -0.17969 -0.77344 0.58594
vn -0.17969 -0.77344 0.58594
vn 0.83594 -0.32812 0.41406
vn 0.83594 -0.32812 0.41406
vn 0.00781 -0.77344 0.61719
vn 0.25781 -0.79688 0.52344
vn -0.82812 -0.34375 0.40625
vn -0.82812 -0.34375 0.40625
vn -0.80469 -0.13281 0.55469
vn -0.80469 -0.13281 0.55469
vn -0.91406 -0.12500 0.34375
vn -0.76562 -0.02344 0.62500
vn -0.92969 -0.06250 0.32031
vn -0.92969 -0.06250 0.32031
vn -0.86719 -0.22656 0.42188
vn -0.76562 -0.02344 0.62500
vn -0.78906 -0.28125 0.51562
vn -0.73438 -0.10156 0.65625
vn -0.73438 -0.10156 0.65625
vn 0.94531 -0.00781 0.28125
vn 0.94531 -0.00781 0.28125
vn 0.94531 -0.00781 0.28125
vn 0.86719 -0.09375 0.46094
vn 0.91406 0.08594 0.36719
vn 0.97656 -0.03125 0.14062
vn 0.97656 -0.03125 0.14062
vn -0.52344 -0.81250 0.19531
vn -0.52344 -0.81250 0.19531
vn -0.75000 -0.40625 0.50000
vn -0.67188 -0.66406 0.28125
vn -0.74219 -0.64062 0.13281
vn -0.74219 -0.64062 0.13281
vn -0.82812 0.19531 -0.50000
vn -0.82812 0.19531 -0.50000
vn 0.05469 0.05469 -0.98438
vn 0.07031 0.00000 -0.98438
vn 0.92969 0.03906 -0.32812
vn 0.92969 0.03906 -0.32812
vn 0.64844 0.30469 0.67188
vn 0.84375 0.26562 0.43750
vn -0.08594 0.51562 0.83594
vn -0.01562 0.78906 0.59375
vn -0.86719 0.30469 0.35156
vn -0.01562 0.78906 0.59375
vn -0.60938 0.71094 0.31250
vn -0.01562 0.78906 0.59375
vn 0.00000 0.92188 0.35156
vn -0.01562 0.78906 0.59375
vn 0.64062 0.65625 0.36719
vn 0.84375 0.26562 0.43750
vn 0.84375 0.26562 0.43750
vn -0.92969 0.03906 -0.32812
vn -0.92969 0.03906 -0.32812
vn -0.92969 0.03906 -0.32812
vn -0.05469 0.05469 -0.98438
vn -0.07031 0.00000 -0.98438
vn 0.82812 0.19531 -0.50000
vn 0.82812 0.19531 -0.50000
vn 0.76562 0.38281 0.49219
vn 0.86719 0.30469 0.35156
vn 0.08594 0.51562 0.83594
vn 0.01562 0.78906 0.59375
vn -0.84375 0.26562 0.43750
vn 0.01562 0.78906 0.59375
vn -0.64062 0.65625 0.36719
vn 0.01562 0.78906 0.59375
vn 0.00000 0.92188 0.35156
vn 0.01562 0.78906 0.59375
vn 0.60938 0.71094 0.31250
vn 0.86719 0.30469 0.35156
vn 0.86719 0.30469 0.35156
vn -0.56250 0.10156 0.80469
vn -0.56250 0.10156 0.80469
vn -0.56250 0.10156 0.80469
vn -0.96875 0.13281 0.14844
vn -0.82031 0.09375 0.54688
vn -0.96875 0.13281 0.14844
vn -0.82031 0.09375 0.54688
vn -0.82031 0.09375 0.54688
vn -0.82031 0.09375 0.54688
vn -0.39844 0.05469 0.89844
vn -0.56250 0.10156 0.80469
vn 0.00000 0.07031 0.98438
vn -0.55469 0.09375 0.81250
vn 0.00000 0.07812 0.98438
vn -0.69531 0.05469 0.70312
vn 0.00000 0.14062 0.97656
vn -0.35938 0.20312 0.89844
vn 0.00000 0.27344 0.94531
vn -0.25781 0.35938 0.88281
vn 0.00000 0.52344 0.83594
vn -0.34375 0.62500 0.67969
vn -0.45312 0.40625 0.77344
vn -0.34375 0.62500 0.67969
vn -0.46094 0.70312 0.50781
vn -0.34375 0.62500 0.67969
vn -0.42188 0.82031 0.35156
vn -0.34375 0.62500 0.67969
vn -0.50000 0.75000 0.40625
vn -0.33594 0.47656 0.79688
vn -0.12500 0.82812 0.53125
vn -0.42188 0.42188 0.78906
vn -0.17969 0.79688 0.54688
vn -0.42188 0.42188 0.78906
vn -0.48438 0.06250 0.85938
vn -0.63281 0.10938 0.75000
vn -0.97656 -0.13281 0.06250
vn -0.97656 -0.13281 0.06250
vn -0.48438 0.06250 0.85938
vn -0.62500 -0.75000 0.14844
vn -0.62500 -0.75000 0.14844
vn 0.00781 0.50000 -0.85156
vn 0.00781 0.50000 -0.85156
vn 0.00781 0.50000 -0.85156
vn 0.07812 0.35938 -0.91406
vn -0.01562 0.73438 -0.65625
vn 0.17188 0.69531 -0.67969
vn 0.17188 0.69531 -0.67969
vn 0.57812 -0.13281 -0.78906
vn 0.57812 -0.13281 -0.78906
vn 0.81250 0.25000 -0.50781
vn 0.90625 0.00781 -0.39062
vn 0.89844 0.41406 0.03906
vn 0.89844 0.41406 0.03906
vn -0.63281 -0.48438 0.57031
vn -0.63281 -0.48438 0.57031
vn -0.03906 -0.68750 0.71094
vn -0.09375 0.15625 0.96875
vn 0.22656 -0.75781 0.58594
vn -0.09375 0.15625 0.96875
vn -0.09375 0.15625 0.96875
vn -0.09375 0.15625 0.96875
vn -0.37500 0.58594 0.70312
vn -0.63281 -0.48438 0.57031
vn -0.37500 0.48438 0.77344
vn -0.33594 -0.85156 0.35938
vn -0.02344 -0.19531 0.96875
vn 0.14062 -0.96875 0.14062
vn 0.00781 -0.50000 0.85156
vn 0.07812 -0.98438 0.00000
vn 0.01562 -0.50000 0.85156
vn -0.03125 -0.98438 -0.02344
vn 0.17969 -0.61719 0.75000
vn -0.03125 -0.98438 -0.02344
vn 0.12500 -0.96875 -0.13281
vn -0.07031 -0.46094 -0.86719
vn 0.04688 -0.27344 -0.94531
vn 0.04688 -0.27344 -0.94531
vn -0.85938 -0.10938 0.46875
vn -0.85938 -0.10938 0.46875
vn -0.50781 -0.42188 0.72656
vn -0.82031 -0.04688 0.54688
vn -0.47656 -0.29688 0.81250
vn -0.47656 -0.29688 0.81250
vn 0.18750 -0.53906 0.80469
vn 0.18750 -0.53906 0.80469
vn 0.46875 -0.51562 0.70312
vn 0.23438 -0.06250 0.95312
vn 0.74219 0.07031 0.64844
vn 0.74219 0.07031 0.64844
vn 0.47656 0.10938 -0.85156
vn 0.47656 0.10938 -0.85156
vn 0.59375 0.04688 -0.78906
vn 0.97656 0.09375 -0.13281
vn 0.97656 0.06250 -0.14062
vn 0.97656 0.06250 -0.14062
vn -0.64062 -0.32031 -0.67969
vn -0.64062 -0.32031 -0.67969
vn -0.28906 -0.02344 -0.94531
vn -0.90625 -0.11719 -0.37500
vn -0.37500 -0.01562 -0.91406
vn -0.37500 -0.01562 -0.91406
vn 0.91406 -0.33594 0.14844
vn 0.91406 -0.33594 0.14844
vn 0.20312 -0.35938 -0.89844
vn -0.92188 -0.30469 -0.16406
vn -0.86719 0.30469 0.35156
vn -0.86719 0.30469 0.35156
vn 0.00000 -0.66406 0.72656
vn 0.00000 -0.66406 0.72656
vn 0.52344 -0.49219 0.67188
vn 0.69531 -0.69531 0.06250
vn 0.91406 -0.11719 0.35938
vn 0.91406 -0.11719 0.35938
vn -0.27344 -0.06250 0.94531
vn -0.27344 -0.06250 0.94531
vn -0.69531 0.01562 0.70312
vn -0.77344 0.07812 0.60938
vn -0.77344 0.30469 0.53125
vn -0.77344 0.07812 0.60938
vn -0.77344 0.07812 0.60938
vn -0.77344 0.07812 0.60938
vn -0.56250 -0.41406 0.69531
vn -0.27344 -0.06250 0.94531
vn -0.17969 -0.41406 0.87500
vn -0.27344 -0.06250 0.94531
vn -0.53125 -0.16406 0.81250
vn -0.69531 0.01562 0.70312
vn -0.80469 -0.13281 0.55469
vn -0.69531 0.01562 0.70312
vn -0.76562 -0.02344 0.62500
vn -0.74219 0.00000 0.65625
vn -0.73438 -0.10156 0.65625
vn -0.73438 -0.10156 0.65625
vn -0.08594 0.51562 0.83594
vn -0.08594 0.51562 0.83594
vn -0.76562 0.38281 0.49219
vn -0.86719 0.30469 0.35156
vn -0.82812 0.19531 -0.50000
vn -0.82812 0.19531 -0.50000
vn 0.46094 0.40625 0.77344
vn 0.46094 0.40625 0.77344
vn 0.46094 0.70312 0.50781
vn 0.96094 -0.21875 0.02344
vn 0.61719 0.72656 0.25000
vn 0.96094 -0.21875 0.02344
vn 0.96094 -0.21875 0.02344
vn 0.96094 -0.21875 0.02344
vn 0.92188 -0.17969 0.31250
vn 0.46094 0.40625 0.77344
vn 0.57031 -0.18750 0.78125
vn 0.00000 -0.03125 0.98438
vn 0.32812 -0.16406 0.91406
vn 0.00000 -0.03125 0.98438
vn 0.27344 -0.14062 0.93750
vn 0.00000 -0.15625 0.97656
vn 0.00000 -0.15625 0.97656
vn 0.00000 -0.15625 0.97656
vn -0.27344 -0.14844 0.93750
vn 0.00000 -0.03125 0.98438
vn -0.33594 -0.17969 0.91406
vn 0.00000 -0.03125 0.98438
vn -0.57031 -0.18750 0.78125
vn 0.00000 -0.03125 0.98438
vn -0.45312 0.40625 0.77344
vn 0.00000 0.52344 0.83594
vn 0.00000 0.52344 0.83594
vn 0.77344 0.00000 0.60938
vn 0.77344 0.00000 0.60938
vn 0.77344 0.00000 0.60938
vn 0.97656 0.03125 -0.16406
vn 0.93750 0.32031 0.00781
vn 0.67188 0.07812 -0.71875
vn 0.67188 0.07812 -0.71875
vn 0.57812 -0.80469 0.00000
vn 0.57812 -0.80469 0.00000
vn 0.75000 -0.49219 0.41406
vn -0.61719 -0.66406 0.39062
vn 0.03125 -0.13281 0.97656
vn 0.03125 -0.13281 0.97656
vn 0.63281 0.10938 0.75000
vn 0.63281 0.10938 0.75000
vn 0.42188 0.42188 0.78906
vn 0.33594 0.47656 0.79688
vn 0.12500 0.82812 0.53125
vn 0.12500 0.82812 0.53125
vn 0.35156 -0.25000 0.89062
vn 0.35156 -0.25000 0.89062
vn 0.85156 -0.49219 0.10156
vn 0.72656 -0.36719 0.54688
vn 0.86719 -0.46875 -0.06250
vn 0.72656 -0.36719 0.54688
vn 0.72656 -0.36719 0.54688
vn 0.72656 -0.36719 0.54688
vn 0.32812 -0.10156 0.92188
vn 0.35156 -0.25000 0.89062
vn 0.01562 -0.12500 0.97656
vn 0.00000 -0.17188 0.96875
vn 0.00000 -0.17188 0.96875
vn 0.00000 -0.17188 0.96875
vn -0.01562 -0.12500 0.97656
vn -0.35156 -0.25000 0.89062
vn -0.32812 -0.10156 0.92188
vn -0.35156 -0.25000 0.89062
vn -0.72656 -0.36719 0.54688
vn -0.85156 -0.49219 0.10156
vn -0.86719 -0.46875 -0.06250
vn -0.86719 -0.46875 -0.06250
vn -0.17969 -0.62500 -0.74219
vn -0.17969 -0.62500 -0.74219
vn 0.00000 -0.50000 -0.85156
vn 0.01562 -0.91406 -0.36719
vn 0.00000 -0.62500 -0.76562
vn 0.34375 -0.84375 0.36719
vn 0.34375 -0.84375 0.36719
vn 0.01562 -0.91406 -0.36719
vn 0.01562 -0.91406 -0.36719
vn 0.01562 -0.91406 -0.36719
vn -0.42969 -0.64844 -0.60938
vn -0.17969 -0.62500 -0.74219
vn 0.35938 -0.61719 -0.67969
vn 0.14844 0.23438 -0.94531
vn 0.14844 0.23438 -0.94531
vn -0.48438 -0.12500 0.85156
vn -0.48438 -0.12500 0.85156
vn -0.48438 -0.12500 0.85156
vn -0.48438 -0.12500 0.85156
vn -0.48438 -0.12500 0.85156
vn -0.77344 0.30469 0.53125
vn -0.64844 -0.08594 0.73438
vn -0.69531 0.01562 0.70312
vn -0.64844 -0.08594 0.73438
vn -0.74219 0.00000 0.65625
vn -0.44531 -0.14062 0.86719
vn -0.44531 -0.14062 0.86719
vn -0.68750 -0.08594 0.70312
vn -0.68750 -0.08594 0.70312
vn -0.68750 -0.08594 0.70312
vn -0.44531 -0.22656 0.85156
vn -0.68750 -0.08594 0.70312
vn -0.58594 -0.17188 0.77344
vn -0.86719 0.22656 0.40625
vn -0.61719 -0.03125 0.77344
vn -0.84375 0.48438 0.14844
vn -0.84375 0.48438 0.14844
vn -0.50000 0.85156 -0.05469
vn -0.50000 0.85156 -0.05469
vn -0.50000 0.85156 -0.05469
vn -0.30469 0.90625 0.24219
vn 0.00781 0.98438 0.00781
vn 0.00781 0.91406 0.37500
vn 0.48438 0.82031 0.24219
vn 0.48438 0.82031 0.24219
vn -0.03125 -0.70312 -0.69531
vn -0.03125 -0.70312 -0.69531
vn -0.03125 -0.70312 -0.69531
vn 0.22656 -0.75781 0.58594
vn 0.06250 -0.97656 -0.14062
vn -0.03906 -0.68750 0.71094
vn -0.63281 -0.48438 0.57031
vn -0.63281 -0.48438 0.57031
vn -0.09375 0.53125 0.82812
vn -0.09375 0.53125 0.82812
vn -0.09375 0.53125 0.82812
vn -0.08594 0.85938 0.46875
vn -0.00781 0.98438 0.03125
vn 0.00000 0.96094 -0.22656
vn 0.07812 0.57812 -0.79688
vn 0.07812 0.57812 -0.79688
vn 0.66406 -0.45312 0.56250
vn 0.66406 -0.45312 0.56250
vn 0.66406 -0.45312 0.56250
vn 0.07812 -0.67969 0.70312
vn -0.01562 -0.97656 -0.14844
vn -0.17969 -0.77344 0.58594
vn 0.06250 -0.69531 -0.69531
vn 0.06250 -0.69531 -0.69531
vn -0.87500 0.17188 0.42188
vn -0.87500 0.17188 0.42188
vn -0.87500 0.17188 0.42188
vn -0.61719 -0.04688 0.76562
vn -0.87500 0.17188 0.42188
vn -0.66406 0.17188 0.70312
vn -0.80469 0.21875 0.52344
vn -0.80469 0.21875 0.52344
vn 0.23438 0.00781 0.96094
vn 0.23438 0.00781 0.96094
vn 0.23438 0.00781 0.96094
vn 0.23438 0.00781 0.96094
vn 0.40625 0.35156 0.82812
vn 0.50781 -0.45312 0.71094
vn 0.76562 0.41406 0.46094
vn 0.76562 0.41406 0.46094
vn -0.90625 -0.11719 0.36719
vn -0.90625 -0.11719 0.36719
vn -0.90625 -0.11719 0.36719
vn -0.52344 -0.48438 0.67969
vn -0.70312 -0.68750 0.06250
vn 0.00000 -0.66406 0.72656
vn 0.69531 -0.69531 0.06250
vn 0.69531 -0.69531 0.06250
vn 0.28906 -0.02344 -0.94531
vn 0.28906 -0.02344 -0.94531
vn 0.28906 -0.02344 -0.94531
vn 0.37500 -0.01562 -0.91406
vn -0.60156 0.03906 -0.78125
vn -0.48438 0.10938 -0.85156
vn -0.97656 0.09375 -0.12500
vn -0.97656 0.09375 -0.12500
vn -0.91406 -0.10938 0.35156
vn -0.91406 -0.10938 0.35156
vn -0.91406 -0.10938 0.35156
vn -0.98438 -0.08594 -0.01562
vn -0.77344 -0.03906 0.61719
vn -0.92969 -0.16406 0.27344
vn -0.77344 -0.03906 0.61719
vn -0.84375 0.26562 0.43750
vn -0.24219 0.06250 0.95312
vn -0.24219 0.06250 0.95312
vn -0.85938 -0.17969 0.45312
vn -0.85938 -0.17969 0.45312
vn -0.85938 -0.17969 0.45312
vn -0.91406 -0.13281 0.33594
vn -0.97656 -0.07031 0.12500
vn -0.91406 0.11719 0.35156
vn -0.92188 0.35156 0.01562
vn -0.92188 0.35156 0.01562
vn -0.45312 -0.00781 -0.87500
vn -0.45312 -0.00781 -0.87500
vn -0.45312 -0.00781 -0.87500
vn -0.98438 -0.08594 -0.01562
vn -0.89062 -0.03125 -0.42969
vn -0.91406 -0.10938 0.35156
vn -0.89062 -0.03125 -0.42969
vn -0.97656 -0.10938 0.07031
vn -0.89844 -0.12500 -0.39062
vn -0.89844 -0.12500 -0.39062
vn 0.70312 0.12500 0.67969
vn 0.70312 0.12500 0.67969
vn 0.70312 0.12500 0.67969
vn 0.39844 0.05469 0.89844
vn 0.82031 0.09375 0.54688
vn 0.82031 0.09375 0.54688
vn 0.97656 0.11719 0.12500
vn 0.97656 0.11719 0.12500
vn 0.97656 0.11719 0.12500
vn 0.70312 0.12500 0.67969
vn 0.96875 0.13281 0.14844
vn 0.82031 0.09375 0.54688
vn 0.82031 0.09375 0.54688
vn 0.82031 0.09375 0.54688
vn 0.50000 0.75000 0.40625
vn 0.50000 0.75000 0.40625
vn 0.50000 0.75000 0.40625
vn 0.42188 0.82031 0.35156
vn 0.34375 0.62500 0.67969
vn 0.46094 0.70312 0.50781
vn 0.34375 0.62500 0.67969
vn 0.46094 0.40625 0.77344
vn 0.00000 0.52344 0.83594
vn 0.00000 0.52344 0.83594
vn 0.69531 0.05469 0.70312
vn 0.69531 0.05469 0.70312
vn 0.69531 0.05469 0.70312
vn 0.63281 0.10938 0.75000
vn 0.35938 0.20312 0.89844
vn 0.33594 0.47656 0.79688
vn 0.25781 0.35938 0.88281
vn 0.25781 0.35938 0.88281
vn 0.34375 0.05469 -0.92188
vn 0.34375 0.05469 -0.92188
vn 0.34375 0.05469 -0.92188
vn 0.12500 0.07812 -0.97656
vn 0.24219 0.18750 -0.93750
vn 0.00000 0.12500 -0.97656
vn 0.00000 0.01562 -0.98438
vn 0.00000 0.01562 -0.98438
vn 0.00000 0.01562 -0.98438
vn 0.00000 0.01562 -0.98438
vn 0.00000 0.01562 -0.98438
vn 0.00000 0.12500 -0.97656
vn -0.24219 0.18750 -0.93750
vn -0.12500 0.07812 -0.97656
vn -0.34375 0.05469 -0.92188
vn -0.34375 0.05469 -0.92188
vn 0.44531 0.25000 -0.84375
vn 0.44531 0.25000 -0.84375
vn 0.44531 0.25000 -0.84375
vn 0.32031 0.60156 -0.71094
vn 0.58594 0.60938 -0.50781
vn 0.00000 0.86719 -0.46875
vn 0.51562 0.79688 -0.26562
vn 0.51562 0.79688 -0.26562
vn 0.51562 0.79688 -0.26562
vn 0.89844 0.41406 0.03906
vn 0.58594 0.60938 -0.50781
vn 0.81250 0.25000 -0.50781
vn 0.44531 0.25000 -0.84375
vn 0.57812 -0.13281 -0.78906
vn 0.00000 -0.09375 -0.98438
vn 0.00000 -0.11719 -0.98438
vn 0.00000 -0.09375 -0.98438
vn -0.57812 -0.13281 -0.78906
vn -0.44531 0.25000 -0.84375
vn -0.85156 0.23438 -0.43750
vn -0.44531 0.25000 -0.84375
vn -0.58594 0.60938 -0.50781
vn -0.32031 0.60156 -0.71094
vn 0.00000 0.86719 -0.46875
vn 0.00000 0.63281 -0.75781
vn 0.32031 0.60156 -0.71094
vn 0.00000 0.32031 -0.93750
vn 0.44531 0.25000 -0.84375
vn 0.00000 0.32031 -0.93750
vn 0.00000 -0.09375 -0.98438
vn 0.00000 0.32031 -0.93750
vn -0.44531 0.25000 -0.84375
vn 0.00000 0.32031 -0.93750
vn -0.32031 0.60156 -0.71094
vn 0.00000 0.63281 -0.75781
vn 0.00000 0.63281 -0.75781
vn -0.07031 0.58594 -0.79688
vn -0.07031 0.58594 -0.79688
vn -0.07031 0.58594 -0.79688
vn -0.02344 0.96094 -0.21875
vn 0.03906 0.98438 0.07812
vn 0.06250 0.85156 0.50000
vn 0.13281 0.50000 0.83594
vn 0.13281 0.50000 0.83594
vn 0.24219 -0.21875 0.92969
vn 0.24219 -0.21875 0.92969
vn 0.24219 -0.21875 0.92969
vn 0.32031 -0.21094 0.90625
vn 0.30469 -0.22656 0.91406
vn 0.43750 -0.22656 0.85156
vn 0.60156 -0.15625 0.76562
vn 0.60156 -0.15625 0.76562
vn 0.60156 -0.15625 0.76562
vn 0.60938 -0.20312 0.75000
vn 0.30469 -0.22656 0.91406
vn 0.27344 -0.21094 0.92188
vn 0.24219 -0.21875 0.92969
vn 0.08594 -0.21875 0.96094
vn 0.03906 -0.21094 0.96094
vn 0.08594 -0.21875 0.96094
vn -0.05469 -0.19531 0.96875
vn 0.08594 -0.21875 0.96094
vn -0.03125 -0.25781 0.95312
vn 0.03906 -0.21875 0.96094
vn 0.00000 -0.18750 0.96875
vn 0.00000 -0.09375 0.98438
vn 0.00000 -0.18750 0.96875
vn -0.04688 -0.20312 0.96875
vn 0.01562 -0.21875 0.96094
vn -0.10156 -0.21875 0.95312
vn -0.00781 -0.20312 0.96875
vn -0.03906 -0.23438 0.96094
vn -0.03906 -0.23438 0.96094
vn -0.10156 -0.21875 0.95312
vn -0.21875 -0.21875 0.93750
vn -0.27344 -0.21094 0.92188
vn -0.30469 -0.21875 0.91406
vn -0.61719 -0.03125 0.77344
vn -0.30469 -0.21875 0.91406
vn -0.58594 -0.17188 0.77344
vn -0.30469 -0.21875 0.91406
vn -0.44531 -0.22656 0.85156
vn -0.30469 -0.21875 0.91406
vn -0.32031 -0.19531 0.91406
vn -0.21875 -0.21875 0.93750
vn -0.21875 -0.21875 0.93750
vn 0.79688 0.21094 0.53906
vn 0.79688 0.21094 0.53906
vn 0.79688 0.21094 0.53906
vn 0.67969 0.16406 0.69531
vn 0.87500 0.17969 0.42188
vn 0.61719 -0.03906 0.76562
vn 0.61719 -0.03906 0.76562
vn 0.61719 -0.03906 0.76562
vn -0.32812 -0.12500 -0.92188
vn -0.32812 -0.12500 -0.92188
vn -0.32812 -0.12500 -0.92188
vn -0.02344 0.50781 -0.84375
vn -0.07031 0.35938 -0.91406
vn 0.03906 0.74219 -0.64844
vn -0.17969 0.68750 -0.67969
vn -0.17969 0.68750 -0.67969
vn 0.92188 -0.31250 0.16406
vn 0.92188 -0.31250 0.16406
vn 0.92188 -0.31250 0.16406
vn 0.83594 -0.50781 -0.10938
vn 0.82031 -0.10156 -0.53125
vn 0.55469 -0.35156 -0.73438
vn 0.53906 -0.14062 -0.81250
vn 0.53906 -0.14062 -0.81250
vn -0.57812 -0.80469 0.00000
vn -0.57812 -0.80469 0.00000
vn -0.57812 -0.80469 0.00000
vn -0.74219 -0.62500 -0.16406
vn 0.60156 -0.78125 0.00781
vn -0.46875 -0.73438 -0.46094
vn 0.66406 -0.55469 -0.46875
vn 0.66406 -0.55469 -0.46875
vn -0.66406 -0.55469 -0.46875
vn -0.66406 -0.55469 -0.46875
vn -0.66406 -0.55469 -0.46875
vn 0.46875 -0.73438 -0.46094
vn -0.60156 -0.78125 0.00781
vn 0.74219 -0.62500 -0.16406
vn -0.60156 -0.78125 0.00781
vn 0.57812 -0.80469 0.00000
vn -0.83594 -0.52344 0.01562
vn -0.61719 -0.66406 0.39062
vn -0.61719 -0.66406 0.39062
vn -0.03125 -0.13281 0.97656
vn -0.03125 -0.13281 0.97656
vn -0.75000 -0.49219 0.41406
vn 0.61719 -0.66406 0.39062
vn -0.57812 -0.80469 0.00000
vn 0.83594 -0.52344 0.01562
vn 0.60156 -0.78125 0.00781
vn 0.60156 -0.78125 0.00781
vn 0.41406 -0.23438 0.86719
vn 0.41406 -0.23438 0.86719
vn 0.69531 -0.02344 0.69531
vn 0.60938 -0.20312 0.74219
vn 0.69531 -0.02344 0.69531
vn 0.69531 -0.02344 0.69531
vn 0.41406 -0.23438 0.86719
vn 0.59375 -0.07031 0.78906
vn 0.01562 0.19531 0.96875
vn 0.00781 -0.28906 0.94531
vn -0.57812 -0.08594 0.79688
vn -0.62500 -0.10938 0.75781
vn -0.73438 -0.10156 0.65625
vn -0.62500 -0.10938 0.75781
vn -0.62500 -0.10938 0.75781
vn -0.62500 -0.10938 0.75781
vn -0.73438 -0.10156 0.65625
vn -0.75000 -0.40625 0.50000
vn -0.75000 -0.40625 0.50000
vn -0.75000 -0.40625 0.50000
vn -0.73438 -0.10156 0.65625
vn -0.75000 -0.40625 0.50000
vn -0.78906 -0.28125 0.51562
vn -0.74219 -0.64062 0.13281
vn -0.86719 -0.22656 0.42188
vn -0.92969 -0.32031 -0.05469
vn -0.92969 -0.06250 0.32031
vn -0.87500 -0.39844 0.21875
vn -0.92969 -0.06250 0.32031
vn -0.85938 -0.17969 0.45312
vn -0.91406 -0.12500 0.34375
vn -0.91406 -0.13281 0.33594
vn -0.80469 -0.13281 0.55469
vn -0.85938 -0.10938 0.46875
vn -0.53125 -0.16406 0.81250
vn -0.50781 -0.42188 0.72656
vn -0.17969 -0.41406 0.87500
vn -0.47656 -0.29688 0.81250
vn -0.56250 -0.41406 0.69531
vn -0.28906 0.04688 0.94531
vn -0.32031 -0.42188 0.82812
vn 0.04688 0.34375 0.92188
vn 0.00781 -0.22656 0.96094
vn 0.24219 -0.42188 0.85938
vn 0.69531 -0.23438 0.65625
vn 0.46875 -0.51562 0.70312
vn 0.79688 0.21094 0.53906
vn 0.74219 0.07031 0.64844
vn 0.87500 0.17969 0.42188
vn 0.74219 0.07031 0.64844
vn 0.78125 0.25781 0.53906
vn 0.74219 0.07031 0.64844
vn 0.65625 0.03906 0.74219
vn 0.23438 -0.06250 0.95312
vn 0.50781 -0.11719 0.83594
vn 0.18750 -0.53906 0.80469
vn 0.50000 -0.49219 0.68750
vn 0.50781 -0.45312 0.71094
vn 0.81250 -0.09375 0.55469
vn 0.76562 0.41406 0.46094
vn 0.91406 0.08594 0.36719
vn 0.89844 0.41406 0.03906
vn 0.97656 -0.03125 0.14062
vn 0.90625 0.00781 -0.39062
vn 0.82031 -0.10156 -0.53125
vn 0.57812 -0.13281 -0.78906
vn 0.53906 -0.14062 -0.81250
vn 0.00000 -0.11719 -0.98438
vn 0.55469 -0.35156 -0.73438
vn 0.00000 -0.39844 -0.90625
vn 0.00000 -0.48438 -0.85938
vn -0.54688 -0.35156 -0.74219
vn -0.50781 -0.12500 -0.83594
vn -0.89844 -0.34375 -0.21094
vn -0.42188 0.84375 -0.29688
vn -0.89844 -0.34375 -0.21094
vn -0.61719 0.72656 0.24219
vn -0.96094 -0.22656 0.03125
vn -0.46094 0.70312 0.50781
vn -0.96094 -0.22656 0.03125
vn -0.45312 0.40625 0.77344
vn -0.92188 -0.17188 0.31250
vn -0.57031 -0.18750 0.78125
vn -0.57031 -0.18750 0.78125
vn 0.78125 0.25781 0.53906
vn 0.78125 0.25781 0.53906
vn 0.45312 -0.25000 0.83594
vn 0.78125 0.25781 0.53906
vn 0.60938 -0.20312 0.74219
vn 0.65625 0.03906 0.74219
vn 0.69531 -0.02344 0.69531
vn 0.69531 -0.02344 0.69531
vn 0.43750 -0.22656 0.85156
vn 0.43750 -0.22656 0.85156
vn 0.71094 -0.04688 0.68750
vn 0.60156 -0.15625 0.76562
vn 0.89844 0.00781 0.41406
vn 0.60938 -0.20312 0.75000
vn 0.95312 0.03125 0.25781
vn 0.95312 0.03125 0.25781
vn 0.07812 -0.15625 0.96875
vn 0.07812 -0.15625 0.96875
vn -0.10938 -0.11719 0.97656
vn 0.77344 0.00000 0.60938
vn 0.77344 0.00000 0.60938
vn 0.00000 0.00000 0.98438
vn 0.00000 0.00000 0.98438
vn 0.00000 0.00000 0.98438
vn 0.07812 -0.15625 0.96875
vn 0.28906 0.03125 0.94531
vn 0.77344 0.00000 0.60938
vn 0.67969 0.00781 0.71094
vn 0.93750 0.32031 0.00781
vn 0.93750 0.32031 0.00781
vn 0.86719 -0.09375 0.46094
vn 0.86719 -0.09375 0.46094
vn 0.87500 -0.41406 0.20312
vn 0.41406 -0.73438 0.51562
vn 0.41406 -0.73438 0.51562
vn 0.94531 -0.00781 0.28125
vn 0.94531 -0.00781 0.28125
vn 0.94531 -0.00781 0.28125
vn 0.92188 -0.14062 0.32031
vn 0.86719 -0.09375 0.46094
vn 0.94531 -0.07812 0.28125
vn 0.87500 -0.41406 0.20312
vn 0.92969 -0.32031 -0.05469
vn 0.92969 -0.32031 -0.05469
vn -0.60156 -0.03125 0.78125
vn -0.60156 -0.03125 0.78125
vn -0.53906 -0.64844 0.50781
vn 0.00781 -0.29688 0.94531
vn 0.00781 -0.29688 0.94531
vn 0.75000 -0.39844 0.50000
vn 0.75000 -0.39844 0.50000
vn 0.75000 -0.39844 0.50000
vn 0.61719 -0.02344 0.77344
vn 0.54688 -0.64844 0.50000
vn 0.00781 -0.29688 0.94531
vn 0.00000 -0.91406 0.36719
vn -0.53906 -0.64844 0.50781
vn -0.53906 -0.64844 0.50781
vn 0.17969 -0.14062 -0.96094
vn 0.17969 -0.14062 -0.96094
vn 0.00000 -0.53906 -0.82812
vn 0.00000 -0.04688 -0.98438
vn -0.17969 -0.14062 -0.96094
vn -0.14844 -0.06250 -0.97656
vn -0.67188 0.07812 -0.71875
vn -0.67188 0.07812 -0.71875
vn -0.17969 -0.77344 0.58594
vn -0.17969 -0.77344 0.58594
vn -0.44531 0.10938 0.87500
vn -0.44531 -0.81250 0.32812
vn -0.92969 0.14844 -0.30469
vn -0.37500 -0.83594 -0.36719
vn 0.02344 -0.32031 -0.92969
vn 0.02344 -0.32031 -0.92969
vn 0.04688 0.63281 -0.75000
vn 0.04688 0.63281 -0.75000
vn -0.32812 0.76562 -0.52344
vn 0.13281 0.96875 0.10938
vn -0.25000 0.88281 0.35938
vn 0.35156 0.60156 0.70312
vn 0.09375 0.15625 0.96875
vn 0.09375 0.15625 0.96875
vn -0.50000 0.75000 0.40625
vn -0.50000 0.75000 0.40625
vn -0.53125 0.72656 -0.40625
vn -0.12500 0.82812 0.53125
vn -0.00781 0.97656 -0.12500
vn -0.17969 0.79688 0.54688
vn -0.00781 0.95312 -0.25781
vn -0.00781 0.95312 -0.25781
vn 0.13281 0.93750 0.26562
vn 0.13281 0.93750 0.26562
vn -0.02344 -0.19531 0.96875
vn -0.37500 0.48438 0.77344
vn -0.37500 0.48438 0.77344
vn 0.25781 0.68750 -0.65625
vn 0.25781 0.68750 -0.65625
vn 0.25781 0.68750 -0.65625
vn 0.00000 0.98438 -0.03906
vn 0.13281 0.93750 0.26562
vn -0.06250 0.58594 0.78906
vn -0.02344 -0.19531 0.96875
vn 0.00781 -0.50000 0.85156
vn 0.00781 -0.50000 0.85156
vn 0.00000 -0.03125 0.98438
vn 0.00000 -0.03125 0.98438
vn 0.00000 0.52344 0.83594
vn 0.46094 0.40625 0.77344
vn 0.46094 0.40625 0.77344
vn 0.92188 -0.31250 0.16406
vn 0.92188 -0.31250 0.16406
vn 0.92188 -0.31250 0.16406
vn 0.62500 -0.73438 0.19531
vn 0.83594 -0.50781 -0.10938
vn 0.90625 -0.31250 -0.21875
vn 0.55469 -0.35156 -0.73438
vn 0.50781 -0.12500 -0.83594
vn 0.00000 -0.48438 -0.85938
vn 0.00000 -0.48438 -0.85938
vn -0.63281 0.10938 0.75000
vn -0.63281 0.10938 0.75000
vn -0.63281 0.10938 0.75000
vn -0.33594 0.47656 0.79688
vn -0.42188 0.42188 0.78906
vn -0.42188 0.42188 0.78906
vn -0.25781 0.35938 0.88281
vn -0.25781 0.35938 0.88281
vn -0.25781 0.35938 0.88281
vn -0.34375 0.62500 0.67969
vn -0.25781 0.35938 0.88281
vn -0.33594 0.47656 0.79688
vn -0.35938 0.20312 0.89844
vn -0.63281 0.10938 0.75000
vn -0.69531 0.05469 0.70312
vn -0.97656 -0.13281 0.06250
vn -0.97656 -0.13281 0.06250
vn -0.97656 -0.13281 0.06250
vn -0.00781 0.51562 -0.84375
vn -0.00781 0.51562 -0.84375
vn -0.00781 0.51562 -0.84375
vn 0.00000 0.83594 -0.52344
vn 0.52344 0.72656 -0.41406
vn 0.19531 0.96094 0.12500
vn 0.52344 0.72656 -0.41406
vn 0.42188 0.82031 0.35156
vn 0.50000 0.75000 0.40625
vn 0.19531 0.83594 0.48438
vn 0.50000 0.75000 0.40625
vn 0.61719 0.67188 0.37500
vn 0.47656 0.75781 0.40625
vn 0.47656 0.75781 0.40625
vn -0.47656 0.75781 0.41406
vn -0.47656 0.75781 0.41406
vn -0.47656 0.75781 0.41406
vn -0.61719 0.67188 0.37500
vn -0.50000 0.75000 0.40625
vn -0.19531 0.83594 0.48438
vn -0.50000 0.75000 0.40625
vn -0.42188 0.82031 0.35156
vn -0.53125 0.72656 -0.40625
vn -0.20312 0.96094 0.11719
vn -0.53125 0.72656 -0.40625
vn 0.00000 0.83594 -0.52344
vn -0.00781 0.51562 -0.84375
vn -0.00781 0.51562 -0.84375
vn -0.48438 -0.12500 0.85156
vn -0.48438 -0.12500 0.85156
vn -0.48438 -0.12500 0.85156
vn -0.01562 -0.17969 0.96875
vn -0.01562 -0.17969 0.96875
vn -0.01562 -0.17969 0.96875
vn -0.64844 -0.08594 0.73438
vn -0.64844 -0.08594 0.73438
vn -0.64844 -0.08594 0.73438
vn -0.44531 -0.14062 0.86719
vn -0.48438 -0.12500 0.85156
vn -0.03125 -0.34375 0.92188
vn -0.01562 -0.17969 0.96875
vn 0.45312 -0.25000 0.83594
vn 0.45312 -0.25000 0.83594
vn 0.45312 -0.25000 0.83594
vn -0.64844 0.30469 0.67188
vn -0.64844 0.30469 0.67188
vn -0.64844 0.30469 0.67188
vn -0.84375 0.26562 0.43750
vn 0.08594 0.51562 0.83594
vn 0.08594 0.51562 0.83594
vn -0.96875 -0.08594 0.16406
vn -0.96875 -0.08594 0.16406
vn -0.96875 -0.08594 0.16406
vn -0.96875 0.09375 -0.15625
vn -0.66406 -0.14062 -0.71875
vn -0.55469 0.14844 -0.80469
vn 0.45312 -0.00781 -0.87500
vn 0.17188 0.09375 -0.96875
vn 0.89062 -0.02344 -0.42188
vn 0.89062 -0.02344 -0.42188
vn -0.27344 -0.21094 0.92188
vn -0.27344 -0.21094 0.92188
vn -0.27344 -0.21094 0.92188
vn -0.10156 -0.21875 0.95312
vn -0.04688 -0.20312 0.96875
vn -0.04688 -0.20312 0.96875
vn -0.07812 -0.15625 0.96875
vn -0.07812 -0.15625 0.96875
vn -0.07812 -0.15625 0.96875
vn -0.77344 0.00000 0.60938
vn 0.10938 -0.12500 0.97656
vn 0.10938 -0.12500 0.97656
vn 0.91406 -0.10938 0.35156
vn 0.91406 -0.10938 0.35156
vn 0.91406 -0.10938 0.35156
vn 0.97656 -0.10156 0.07031
vn 0.74219 -0.12500 0.63281
vn 0.91406 -0.11719 0.35938
vn 0.10938 -0.12500 0.97656
vn 0.52344 -0.49219 0.67188
vn -0.07812 -0.15625 0.96875
vn 0.00000 -0.66406 0.72656
vn 0.00000 -0.66406 0.72656
vn -0.04688 0.50781 -0.84375
vn -0.04688 0.50781 -0.84375
vn -0.13281 0.46094 -0.85938
vn -0.20312 0.96875 -0.03125
vn -0.20312 0.96875 -0.03125
vn 0.01562 -0.50000 0.85156
vn 0.01562 -0.50000 0.85156
vn 0.01562 -0.50000 0.85156
vn 0.00781 -0.50000 0.85156
vn -0.10938 0.44531 0.87500
vn -0.06250 0.58594 0.78906
vn -0.20312 0.96875 -0.03125
vn 0.00000 0.98438 -0.03906
vn -0.04688 0.50781 -0.84375
vn 0.25781 0.68750 -0.65625
vn 0.25781 0.68750 -0.65625
vn 0.91406 0.19531 -0.31250
vn 0.91406 0.19531 -0.31250
vn -0.16406 0.21875 -0.94531
vn 0.28906 0.78125 -0.53125
vn 0.21094 -0.61719 -0.73438
vn -0.08594 0.62500 -0.75781
vn 0.02344 -0.50000 -0.85156
vn -0.08594 0.62500 -0.75781
vn -0.00781 -0.62500 -0.75781
vn 0.16406 0.63281 -0.73438
vn 0.29688 -0.33594 -0.87500
vn 0.29688 -0.33594 -0.87500
vn 0.44531 0.14062 0.86719
vn 0.44531 0.14062 0.86719
vn 0.91406 0.19531 -0.31250
vn 0.21094 0.89844 0.35156
vn 0.28906 0.78125 -0.53125
vn -0.18750 0.96094 0.10938
vn -0.08594 0.62500 -0.75781
vn -0.07031 0.98438 0.02344
vn 0.16406 0.63281 -0.73438
vn 0.16406 0.63281 -0.73438
vn -0.32812 -0.12500 -0.92188
vn -0.32812 -0.12500 -0.92188
vn -0.97656 -0.13281 0.06250
vn -0.62500 -0.75000 0.14844
vn -0.62500 -0.75000 0.14844
vn -0.78906 0.10938 -0.57812
vn -0.78906 0.10938 -0.57812
vn -0.78906 0.10938 -0.57812
vn -0.69531 0.07812 -0.69531
vn -0.69531 0.07812 -0.69531
vn -0.97656 -0.13281 0.06250
vn -0.45312 -0.16406 -0.85938
vn -0.32812 -0.12500 -0.92188
vn -0.08594 -0.00781 -0.98438
vn -0.07031 0.35938 -0.91406
vn -0.07031 0.35938 -0.91406
vn -0.13281 0.93750 0.28125
vn -0.13281 0.93750 0.28125
vn 0.03125 -0.21094 0.96094
vn 0.10156 0.57031 0.79688
vn 0.03125 -0.50781 0.84375
vn 0.10938 0.45312 0.86719
vn -0.01562 -0.50000 0.85156
vn -0.14844 0.31250 0.92188
vn -0.22656 -0.60938 0.74219
vn -0.14844 0.31250 0.92188
vn -0.14844 0.31250 0.92188
vn -0.14844 0.31250 0.92188
vn 0.08594 0.95312 0.24219
vn 0.10938 0.45312 0.86719
vn 0.22656 0.96094 -0.03906
vn 0.10156 0.57031 0.79688
vn 0.01562 0.98438 -0.03906
vn -0.13281 0.93750 0.28125
vn -0.26562 0.68750 -0.65625
vn -0.18750 0.63281 -0.73438
vn -0.30469 -0.34375 -0.87500
vn -0.18750 0.63281 -0.73438
vn 0.00000 -0.62500 -0.76562
vn 0.04688 0.63281 -0.75000
vn 0.00000 -0.50000 -0.85156
vn 0.04688 0.63281 -0.75000
vn -0.17969 -0.62500 -0.74219
vn -0.32812 0.76562 -0.52344
vn 0.14844 0.23438 -0.94531
vn -0.32812 0.76562 -0.52344
vn -0.92969 0.14844 -0.30469
vn -0.25000 0.88281 0.35938
vn -0.44531 0.10938 0.87500
vn 0.09375 0.15625 0.96875
vn -0.17969 -0.77344 0.58594
vn 0.09375 0.15625 0.96875
vn 0.07812 -0.67969 0.70312
vn 0.09375 0.15625 0.96875
vn 0.66406 -0.45312 0.56250
vn 0.35156 0.60156 0.70312
vn 0.37500 0.49219 0.77344
vn 0.13281 0.96875 0.10938
vn 0.03906 0.98438 0.02344
vn 0.04688 0.63281 -0.75000
vn -0.18750 0.63281 -0.73438
vn -0.18750 0.63281 -0.73438
vn 0.03906 0.98438 0.02344
vn -0.13281 0.93750 0.28125
vn 0.37500 0.49219 0.77344
vn 0.03125 -0.21094 0.96094
vn 0.34375 -0.84375 0.36719
vn -0.14844 -0.96094 0.14844
vn 0.00000 -0.62500 -0.76562
vn -0.14844 -0.96094 0.14844
vn -0.30469 -0.34375 -0.87500
vn -0.04688 -0.98438 0.00000
vn -0.02344 -0.48438 -0.85938
vn 0.02344 -0.98438 -0.03125
vn 0.07031 -0.46875 -0.86719
vn -0.09375 -0.97656 -0.12500
vn 0.03125 -0.28125 -0.94531
vn -0.09375 -0.97656 -0.12500
vn -0.09375 -0.97656 -0.12500
vn -0.09375 -0.97656 -0.12500
vn -0.22656 -0.60938 0.74219
vn 0.02344 -0.98438 -0.03125
vn -0.01562 -0.50000 0.85156
vn -0.04688 -0.98438 0.00000
vn 0.03125 -0.50781 0.84375
vn -0.14844 -0.96094 0.14844
vn 0.03125 -0.21094 0.96094
vn 0.03125 -0.21094 0.96094
vn -0.32812 -0.64062 -0.67188
vn -0.32812 -0.64062 -0.67188
vn 0.21094 -0.61719 -0.73438
vn -0.16406 0.21875 -0.94531
vn -0.16406 0.21875 -0.94531
vn -0.32812 -0.64062 -0.67188
vn -0.32812 -0.64062 -0.67188
vn -0.32812 -0.64062 -0.67188
vn 0.46094 -0.62500 -0.60938
vn 0.21094 -0.61719 -0.73438
vn 0.01562 -0.91406 -0.36719
vn 0.02344 -0.50000 -0.85156
vn 0.01562 -0.91406 -0.36719
vn -0.00781 -0.62500 -0.75781
vn -0.33594 -0.85156 0.35938
vn -0.00781 -0.62500 -0.75781
vn 0.14062 -0.96875 0.14062
vn 0.29688 -0.33594 -0.87500
vn 0.07812 -0.98438 0.00000
vn 0.00000 -0.48438 -0.85938
vn -0.03125 -0.98438 -0.02344
vn -0.07031 -0.46094 -0.86719
vn -0.07031 -0.46094 -0.86719
vn -0.84375 -0.01562 -0.51562
vn -0.84375 -0.01562 -0.51562
vn -0.84375 -0.01562 -0.51562
vn -0.46875 -0.73438 -0.46094
vn -0.84375 -0.01562 -0.51562
vn -0.74219 -0.62500 -0.16406
vn -0.96875 0.07812 -0.15625
vn -0.57812 -0.80469 0.00000
vn -0.94531 0.27344 0.10156
vn -0.75000 -0.49219 0.41406
vn -0.70312 0.53125 0.44531
vn -0.03125 -0.13281 0.97656
vn -0.01562 0.69531 0.70312
vn -0.01562 0.69531 0.70312
vn -0.94531 0.01562 -0.28125
vn -0.94531 0.01562 -0.28125
vn -0.94531 0.01562 -0.28125
vn -0.66406 -0.55469 -0.46875
vn -0.94531 0.01562 -0.28125
vn -0.60156 -0.78125 0.00781
vn -0.98438 0.05469 -0.00781
vn -0.83594 -0.52344 0.01562
vn -0.95312 0.21094 0.12500
vn -0.61719 -0.66406 0.39062
vn -0.68750 0.51562 0.47656
vn 0.03125 -0.13281 0.97656
vn 0.01562 0.69531 0.70312
vn 0.01562 0.69531 0.70312
vn 0.22656 0.96094 -0.03906
vn 0.22656 0.96094 -0.03906
vn 0.22656 0.96094 -0.03906
vn 0.08594 0.95312 0.24219
vn 0.15625 0.72656 -0.64844
vn 0.15625 0.72656 -0.64844
vn -0.30469 -0.34375 -0.87500
vn -0.30469 -0.34375 -0.87500
vn -0.30469 -0.34375 -0.87500
vn -0.26562 0.68750 -0.65625
vn 0.02344 0.50781 -0.84375
vn 0.01562 0.98438 -0.03906
vn 0.02344 0.50781 -0.84375
vn 0.22656 0.96094 -0.03906
vn 0.15625 0.45312 -0.85938
vn 0.15625 0.72656 -0.64844
vn 0.15625 0.45312 -0.85938
vn 0.03125 -0.28125 -0.94531
vn 0.15625 0.45312 -0.85938
vn 0.07031 -0.46875 -0.86719
vn 0.02344 0.50781 -0.84375
vn -0.02344 -0.48438 -0.85938
vn -0.30469 -0.34375 -0.87500
vn -0.30469 -0.34375 -0.87500
vn -0.83594 0.18750 0.48438
vn -0.83594 0.18750 0.48438
vn -0.83594 0.18750 0.48438
vn -0.75781 0.37500 0.50781
vn -0.49219 0.50781 0.68750
vn -0.50000 0.34375 0.77344
vn -0.49219 0.50781 0.68750
vn -0.20312 0.39062 0.88281
vn 0.00781 0.57031 0.80469
vn 0.00000 0.39844 0.90625
vn 0.00781 0.57031 0.80469
vn 0.21875 0.41406 0.86719
vn 0.43750 0.58594 0.65625
vn 0.50000 0.36719 0.76562
vn 0.76562 0.41406 0.46094
vn 0.76562 0.41406 0.46094
vn 0.60938 -0.20312 0.74219
vn 0.60938 -0.20312 0.74219
vn 0.60938 -0.20312 0.74219
vn 0.45312 -0.25000 0.83594
vn 0.41406 -0.23438 0.86719
vn -0.03125 -0.34375 0.92188
vn 0.01562 0.19531 0.96875
vn -0.44531 -0.14062 0.86719
vn -0.57812 -0.08594 0.79688
vn -0.74219 0.00000 0.65625
vn -0.73438 -0.10156 0.65625
vn -0.73438 -0.10156 0.65625
vn 0.32031 -0.12500 -0.92188
vn 0.32031 -0.12500 -0.92188
vn 0.32031 -0.12500 -0.92188
vn 0.62500 -0.75000 0.14844
vn 0.97656 -0.13281 0.06250
vn 0.97656 -0.13281 0.06250
vn 0.08594 -0.00781 -0.98438
vn 0.08594 -0.00781 -0.98438
vn 0.08594 -0.00781 -0.98438
vn 0.32031 -0.12500 -0.92188
vn 0.45312 -0.16406 -0.85938
vn 0.97656 -0.13281 0.06250
vn 0.69531 0.07812 -0.69531
vn 0.97656 0.11719 0.12500
vn 0.78906 0.10938 -0.57812
vn 0.96875 0.13281 0.14844
vn 0.78906 0.10938 -0.57812
vn 0.98438 0.10938 -0.03906
vn 0.78125 0.00781 -0.60156
vn 0.78125 0.00781 -0.60156
vn 0.78125 0.00781 -0.60156
vn 0.34375 0.05469 -0.92188
vn 0.78906 0.10938 -0.57812
vn 0.24219 0.18750 -0.93750
vn 0.69531 0.07812 -0.69531
vn 0.00000 0.01562 -0.98438
vn 0.45312 -0.16406 -0.85938
vn 0.00000 -0.09375 -0.98438
vn 0.08594 -0.00781 -0.98438
vn 0.00000 0.00000 -0.98438
vn 0.08594 -0.00781 -0.98438
vn 0.00000 0.21875 -0.96094
vn 0.07812 0.35938 -0.91406
vn 0.00000 0.52344 -0.83594
vn 0.17188 0.69531 -0.67969
vn -0.00781 0.51562 -0.84375
vn 0.17188 0.69531 -0.67969
vn 0.52344 0.72656 -0.41406
vn 0.17188 0.69531 -0.67969
vn 0.00781 0.97656 -0.12500
vn -0.01562 0.73438 -0.65625
vn -0.04688 0.95312 -0.25000
vn 0.00781 0.50000 -0.85156
vn -0.13281 0.58594 -0.78125
vn 0.00781 0.50000 -0.85156
vn 0.32031 -0.12500 -0.92188
vn 0.07812 0.35938 -0.91406
vn 0.08594 -0.00781 -0.98438
vn 0.08594 -0.00781 -0.98438
vn 0.00000 -0.05469 0.98438
vn 0.00000 -0.05469 0.98438
vn 0.61719 -0.03906 0.76562
vn 0.00000 0.21094 0.96094
vn 0.67969 0.16406 0.69531
vn 0.00781 0.26562 0.95312
vn 0.79688 0.21094 0.53906
vn 0.01562 0.20312 0.96875
vn 0.69531 -0.23438 0.65625
vn 0.00781 -0.22656 0.96094
vn 0.00781 -0.22656 0.96094
vn -0.85156 -0.07031 -0.49219
vn -0.85156 -0.07031 -0.49219
vn -0.85156 -0.07031 -0.49219
vn -0.53906 -0.13281 -0.81250
vn -0.54688 -0.35156 -0.74219
vn -0.54688 -0.35156 -0.74219
vn -0.93750 -0.24219 0.17188
vn -0.93750 -0.24219 0.17188
vn -0.93750 -0.24219 0.17188
vn -0.86719 -0.46094 -0.06250
vn -0.66406 -0.69531 0.21875
vn -0.66406 -0.69531 0.21875
vn -0.52344 -0.69531 0.46094
vn -0.52344 -0.69531 0.46094
vn -0.52344 -0.69531 0.46094
vn -0.93750 -0.24219 0.17188
vn -0.66406 -0.69531 0.21875
vn -0.66406 -0.69531 0.21875
vn -0.93750 -0.24219 0.17188
vn -0.93750 -0.24219 0.17188
vn -0.93750 -0.24219 0.17188
vn -0.85156 -0.07031 -0.49219
vn -0.86719 -0.46094 -0.06250
vn -0.54688 -0.35156 -0.74219
vn -0.86719 -0.46094 -0.06250
vn -0.89844 -0.34375 -0.21094
vn -0.66406 -0.69531 0.21875
vn -0.96094 -0.22656 0.03125
vn -0.66406 -0.69531 0.21875
vn -0.87500 -0.39844 0.21875
vn -0.52344 -0.69531 0.46094
vn -0.85938 -0.17969 0.45312
vn -0.93750 -0.24219 0.17188
vn -0.97656 -0.07031 0.12500
vn -0.97656 -0.07031 0.12500
vn 0.27344 -0.21094 0.92188
vn 0.27344 -0.21094 0.92188
vn 0.03906 -0.21875 0.96094
vn 0.08594 -0.21875 0.96094
vn 0.08594 -0.21875 0.96094
vn 0.84375 0.26562 0.43750
vn 0.84375 0.26562 0.43750
vn 0.84375 0.26562 0.43750
vn -0.91406 -0.35938 -0.04688
vn 0.92969 -0.16406 0.27344
vn -0.91406 -0.35938 -0.04688
vn 0.88281 -0.15625 -0.40625
vn 0.35156 -0.08594 0.92188
vn 0.10156 -0.30469 -0.92969
vn 0.91406 -0.33594 0.14844
vn -0.63281 -0.37500 -0.65625
vn -0.92188 -0.30469 -0.16406
vn -0.92188 -0.30469 -0.16406
vn 0.88281 -0.15625 -0.40625
vn 0.88281 -0.15625 -0.40625
vn 0.98438 -0.08594 -0.01562
vn 0.92969 -0.16406 0.27344
vn 0.92969 -0.16406 0.27344
vn 0.97656 -0.10156 0.07031
vn 0.97656 -0.10156 0.07031
vn 0.97656 -0.10156 0.07031
vn 0.91406 -0.10938 0.35156
vn 0.89062 -0.02344 -0.42188
vn 0.98438 -0.08594 -0.01562
vn 0.45312 -0.00781 -0.87500
vn 0.88281 -0.15625 -0.40625
vn 0.45312 -0.00781 -0.87500
vn 0.10156 -0.30469 -0.92969
vn -0.66406 -0.14062 -0.71875
vn -0.63281 -0.37500 -0.65625
vn -0.66406 -0.14062 -0.71875
vn -0.92188 -0.30469 -0.16406
vn -0.96875 -0.08594 0.16406
vn -0.86719 0.30469 0.35156
vn -0.86719 0.30469 0.35156
vn 0.81250 0.00000 0.55469
vn 0.81250 0.00000 0.55469
vn 0.96875 0.08594 -0.15625
vn 0.97656 0.09375 -0.13281
vn 0.54688 0.14844 -0.80469
vn 0.47656 0.10938 -0.85156
vn -0.17188 0.09375 -0.96875
vn 0.47656 0.10938 -0.85156
vn -0.37500 -0.01562 -0.91406
vn 0.59375 0.04688 -0.78906
vn -0.28906 -0.02344 -0.94531
vn 0.10938 -0.17969 -0.96875
vn -0.64062 -0.32031 -0.67969
vn -0.64062 -0.32031 -0.67969
vn -0.88281 0.00000 0.44531
vn -0.88281 0.00000 0.44531
vn -0.97656 0.01562 -0.12500
vn -0.97656 0.05469 -0.13281
vn -0.97656 0.01562 -0.12500
vn -0.97656 0.01562 -0.12500
vn -0.60156 0.03906 -0.78125
vn -0.97656 0.05469 -0.13281
vn -0.97656 0.09375 -0.12500
vn -0.88281 0.00000 0.44531
vn -0.86719 0.03125 0.46875
vn -0.34375 -0.06250 0.92188
vn -0.82031 0.00000 0.54688
vn 0.28906 -0.14844 0.92969
vn -0.41406 0.01562 0.89844
vn 0.77344 -0.03906 0.61719
vn 0.77344 -0.03906 0.61719
vn -0.86719 0.03125 0.46875
vn -0.86719 0.03125 0.46875
vn -0.86719 0.03125 0.46875
vn -0.97656 0.09375 -0.12500
vn -0.82031 0.00000 0.54688
vn -0.82031 0.00000 0.54688
vn -0.50000 0.85156 -0.05469
vn -0.50000 0.85156 -0.05469
vn -0.50000 0.85156 -0.05469
vn -0.74219 0.55469 0.33594
vn -0.30469 0.90625 0.24219
vn -0.47656 0.63281 0.59375
vn 0.00781 0.91406 0.37500
vn 0.00000 0.84375 0.50781
vn 0.00781 0.91406 0.37500
vn 0.52344 0.73438 0.39844
vn 0.48438 0.82031 0.24219
vn 0.75000 0.57031 0.29688
vn 0.48438 0.82031 0.24219
vn 0.56250 0.80469 0.04688
vn 0.00781 0.98438 0.00781
vn 0.00000 0.96875 -0.17969
vn -0.50000 0.85156 -0.05469
vn -0.50000 0.85156 -0.05469
vn 0.91406 -0.35938 -0.04688
vn 0.91406 -0.35938 -0.04688
vn 0.91406 -0.35938 -0.04688
vn -0.84375 0.26562 0.43750
vn 0.91406 -0.35938 -0.04688
vn -0.92969 -0.16406 0.27344
vn 0.91406 -0.35938 -0.04688
vn -0.88281 -0.15625 -0.40625
vn -0.35156 -0.08594 0.92188
vn -0.10156 -0.30469 -0.92969
vn -0.91406 -0.33594 0.14844
vn 0.63281 -0.37500 -0.65625
vn -0.91406 -0.33594 0.14844
vn 0.92188 -0.30469 -0.16406
vn -0.20312 -0.35938 -0.89844
vn 0.86719 0.30469 0.35156
vn -0.20312 -0.35938 -0.89844
vn -0.24219 0.06250 0.95312
vn -0.24219 0.06250 0.95312
vn 0.02344 0.38281 0.90625
vn 0.02344 0.38281 0.90625
vn 0.23438 0.00781 0.96094
vn 0.21094 0.34375 0.89844
vn 0.21094 0.34375 0.89844
vn -0.83594 0.18750 0.48438
vn -0.83594 0.18750 0.48438
vn -0.83594 0.18750 0.48438
vn -0.91406 0.11719 0.35156
vn -0.78125 0.32812 0.50781
vn -0.78125 0.32812 0.50781
vn 0.18750 -0.53906 0.80469
vn 0.18750 -0.53906 0.80469
vn 0.18750 -0.53906 0.80469
vn 0.50781 -0.45312 0.71094
vn 0.46875 -0.51562 0.70312
vn 0.23438 0.00781 0.96094
vn 0.24219 -0.42188 0.85938
vn 0.23438 0.00781 0.96094
vn 0.04688 0.34375 0.92188
vn 0.02344 0.38281 0.90625
vn -0.28906 0.04688 0.94531
vn -0.21094 0.38281 0.88281
vn -0.28906 0.04688 0.94531
vn -0.37500 0.40625 0.82031
vn -0.47656 -0.29688 0.81250
vn -0.78125 0.32812 0.50781
vn -0.82031 -0.04688 0.54688
vn -0.91406 0.11719 0.35156
vn -0.85938 -0.10938 0.46875
vn -0.91406 -0.13281 0.33594
vn -0.91406 -0.13281 0.33594
vn -0.50781 -0.12500 -0.83594
vn -0.50781 -0.12500 -0.83594
vn 0.00000 0.64844 -0.74219
vn -0.42188 0.84375 -0.29688
vn -0.42188 0.84375 -0.29688
vn 0.97656 -0.03125 0.14062
vn 0.97656 -0.03125 0.14062
vn 0.97656 -0.03125 0.14062
vn 0.86719 -0.09375 0.46094
vn 0.92188 -0.31250 0.16406
vn 0.41406 -0.73438 0.51562
vn 0.62500 -0.73438 0.19531
vn 0.87500 -0.41406 0.20312
vn 0.62500 -0.73438 0.19531
vn 0.96094 -0.21875 0.02344
vn 0.90625 -0.31250 -0.21875
vn 0.61719 0.72656 0.25000
vn 0.90625 -0.31250 -0.21875
vn 0.42969 0.83594 -0.29688
vn 0.50781 -0.12500 -0.83594
vn 0.00000 0.64844 -0.74219
vn 0.00000 -0.48438 -0.85938
vn -0.50781 -0.12500 -0.83594
vn -0.50781 -0.12500 -0.83594
vn 0.15625 0.80469 0.55469
vn 0.15625 0.80469 0.55469
vn 0.48438 0.07031 0.85938
vn 0.15625 0.80469 0.55469
vn 0.06250 0.85156 0.50000
vn -0.04688 0.95312 -0.25000
vn -0.02344 0.96094 -0.21875
vn -0.13281 0.58594 -0.78125
vn -0.07031 0.58594 -0.79688
vn 0.32031 -0.12500 -0.92188
vn 0.17188 -0.64062 -0.72656
vn 0.62500 -0.75000 0.14844
vn 0.33594 -0.92969 -0.00781
vn 0.62500 -0.75000 0.14844
vn 0.28125 -0.41406 0.85156
vn 0.48438 0.07031 0.85938
vn 0.13281 0.50000 0.83594
vn 0.06250 0.85156 0.50000
vn 0.06250 0.85156 0.50000
vn 0.96094 0.07812 0.21875
vn 0.96094 0.07812 0.21875
vn 0.96094 0.07812 0.21875
vn 0.72656 0.53125 0.40625
vn 0.80469 0.49219 0.28906
vn 0.77344 0.60938 -0.07812
vn 0.92969 0.28906 -0.17969
vn 0.93750 0.23438 -0.18750
vn 0.96875 0.14062 -0.12500
vn 0.96875 0.10938 -0.14844
vn 0.95312 0.12500 -0.20312
vn 0.95312 0.20312 -0.16406
vn 0.94531 0.25000 -0.14062
vn 0.95312 0.21094 -0.15625
vn 0.96094 0.07812 0.21875
vn 0.96094 0.07812 0.21875
vn -0.17969 0.79688 0.54688
vn -0.17969 0.79688 0.54688
vn -0.17969 0.79688 0.54688
vn -0.08594 0.85938 0.46875
vn -0.48438 0.06250 0.85938
vn -0.09375 0.53125 0.82812
vn -0.48438 0.06250 0.85938
vn -0.28125 -0.44531 0.83594
vn -0.62500 -0.75000 0.14844
vn -0.33594 -0.92969 -0.00781
vn -0.62500 -0.75000 0.14844
vn -0.17188 -0.64062 -0.72656
vn -0.32812 -0.12500 -0.92188
vn 0.07812 0.57812 -0.79688
vn 0.07812 0.57812 -0.79688
vn 0.00000 0.96094 -0.22656
vn -0.00781 0.95312 -0.25781
vn -0.08594 0.85938 0.46875
vn -0.17969 0.79688 0.54688
vn -0.17969 0.79688 0.54688
vn -0.96094 0.07812 0.21875
vn -0.96094 0.07812 0.21875
vn -0.96094 0.07812 0.21875
vn -0.95312 0.21094 -0.15625
vn -0.94531 0.25000 -0.14844
vn -0.94531 0.21875 -0.17188
vn -0.95312 0.14844 -0.19531
vn -0.96875 0.12500 -0.12500
vn -0.96875 0.14844 -0.10938
vn -0.93750 0.23438 -0.18750
vn -0.92969 0.28906 -0.17969
vn -0.77344 0.60938 -0.07812
vn -0.80469 0.49219 0.28906
vn -0.72656 0.53125 0.40625
vn -0.96094 0.07812 0.21875
vn -0.96094 0.07812 0.21875
vn 0.37500 0.49219 0.77344
vn 0.37500 0.49219 0.77344
vn 0.37500 0.49219 0.77344
vn 0.66406 -0.45312 0.56250
vn 0.34375 -0.84375 0.36719
vn 0.34375 -0.84375 0.36719
vn -0.80469 0.21875 0.52344
vn -0.80469 0.21875 0.52344
vn -0.80469 0.21875 0.52344
vn 0.00781 -0.77344 0.61719
vn -0.61719 -0.04688 0.76562
vn -0.61719 -0.04688 0.76562
vn 0.69531 -0.23438 0.65625
vn 0.69531 -0.23438 0.65625
vn 0.69531 -0.23438 0.65625
vn 0.61719 -0.03906 0.76562
vn 0.00781 -0.77344 0.61719
vn 0.00000 -0.05469 0.98438
vn -0.61719 -0.04688 0.76562
vn 0.00000 0.21094 0.96094
vn -0.66406 0.17188 0.70312
vn 0.00781 0.26562 0.95312
vn -0.80469 0.21875 0.52344
vn 0.01562 0.20312 0.96875
vn -0.69531 -0.25000 0.64844
vn 0.00781 -0.22656 0.96094
vn -0.69531 -0.25000 0.64844
vn -0.32031 -0.42188 0.82812
vn -0.69531 -0.25000 0.64844
vn -0.56250 -0.41406 0.69531
vn -0.80469 0.21875 0.52344
vn -0.77344 0.07812 0.60938
vn -0.87500 0.17188 0.42188
vn -0.77344 0.30469 0.53125
vn -0.77344 0.30469 0.53125
vn -0.85156 0.23438 -0.43750
vn -0.85156 0.23438 -0.43750
vn -0.57812 -0.13281 -0.78906
vn -0.89062 -0.00781 -0.41406
vn -0.89062 -0.00781 -0.41406
vn 0.00000 0.52344 0.83594
vn 0.00000 0.52344 0.83594
vn 0.00000 0.52344 0.83594
vn -0.45312 0.40625 0.77344
vn -0.19531 0.83594 0.48438
vn -0.46094 0.70312 0.50781
vn -0.42188 0.82031 0.35156
vn -0.61719 0.72656 0.24219
vn -0.20312 0.96094 0.11719
vn -0.42188 0.84375 -0.29688
vn 0.00000 0.83594 -0.52344
vn 0.00000 0.64844 -0.74219
vn 0.00000 0.83594 -0.52344
vn 0.42969 0.83594 -0.29688
vn 0.19531 0.96094 0.12500
vn 0.61719 0.72656 0.25000
vn 0.42188 0.82031 0.35156
vn 0.46094 0.70312 0.50781
vn 0.19531 0.83594 0.48438
vn 0.46094 0.40625 0.77344
vn 0.00000 0.52344 0.83594
vn 0.00000 0.52344 0.83594
vn -0.32812 -0.12500 -0.92188
vn -0.32812 -0.12500 -0.92188
vn -0.32812 -0.12500 -0.92188
vn 0.07812 0.57812 -0.79688
vn -0.02344 0.50781 -0.84375
vn -0.00781 0.95312 -0.25781
vn 0.03906 0.74219 -0.64844
vn -0.00781 0.97656 -0.12500
vn -0.17969 0.68750 -0.67969
vn -0.53125 0.72656 -0.40625
vn -0.17969 0.68750 -0.67969
vn -0.00781 0.51562 -0.84375
vn -0.17969 0.68750 -0.67969
vn 0.00000 0.52344 -0.83594
vn -0.07031 0.35938 -0.91406
vn 0.00000 0.21875 -0.96094
vn -0.08594 -0.00781 -0.98438
vn 0.00000 0.00000 -0.98438
vn -0.08594 -0.00781 -0.98438
vn 0.00000 -0.09375 -0.98438
vn -0.45312 -0.16406 -0.85938
vn 0.00000 0.01562 -0.98438
vn -0.69531 0.07812 -0.69531
vn -0.24219 0.18750 -0.93750
vn -0.78906 0.10938 -0.57812
vn -0.34375 0.05469 -0.92188
vn -0.78906 0.10938 -0.57812
vn -0.78125 0.00781 -0.60156
vn -0.78906 0.10938 -0.57812
vn -0.98438 0.10938 -0.03906
vn -0.78906 0.10938 -0.57812
vn -0.96875 0.13281 0.14844
vn -0.98438 0.10156 0.01562
vn -0.98438 0.10156 0.01562
vn 0.00000 0.07031 0.98438
vn 0.00000 0.07031 0.98438
vn 0.00000 0.07031 0.98438
vn -0.39844 0.05469 0.89844
vn -0.28906 0.07031 0.93750
vn -0.28906 0.07031 0.93750
vn -0.07031 0.35938 -0.91406
vn -0.07031 0.35938 -0.91406
vn -0.07031 0.35938 -0.91406
vn -0.55469 0.09375 0.81250
vn -0.69531 0.05469 0.70312
vn -0.69531 0.05469 0.70312
vn 0.42188 -0.81250 -0.36719
vn 0.42188 -0.81250 -0.36719
vn 0.42188 -0.81250 -0.36719
vn -0.01562 -0.32812 -0.92969
vn 0.42188 -0.81250 -0.36719
vn 0.91406 0.19531 -0.31250
vn 0.49219 -0.78906 0.32812
vn 0.44531 0.14062 0.86719
vn 0.22656 -0.75781 0.58594
vn 0.44531 0.14062 0.86719
vn -0.09375 0.15625 0.96875
vn 0.21094 0.89844 0.35156
vn -0.37500 0.58594 0.70312
vn -0.18750 0.96094 0.10938
vn -0.37500 0.48438 0.77344
vn -0.07031 0.98438 0.02344
vn 0.13281 0.93750 0.26562
vn 0.16406 0.63281 -0.73438
vn 0.25781 0.68750 -0.65625
vn 0.29688 -0.33594 -0.87500
vn -0.04688 0.50781 -0.84375
vn 0.00000 -0.48438 -0.85938
vn -0.04688 0.50781 -0.84375
vn -0.07031 -0.46094 -0.86719
vn -0.13281 0.46094 -0.85938
vn 0.04688 -0.27344 -0.94531
vn -0.13281 0.46094 -0.85938
vn -0.11719 0.72656 -0.65625
vn -0.20312 0.96875 -0.03125
vn -0.12500 0.94531 0.24219
vn -0.10938 0.44531 0.87500
vn 0.06250 0.28906 0.93750
vn 0.01562 -0.50000 0.85156
vn 0.17969 -0.61719 0.75000
vn 0.17969 -0.61719 0.75000
vn 0.97656 -0.13281 0.06250
vn 0.97656 -0.13281 0.06250
vn 0.62500 -0.75000 0.14844
vn 0.48438 0.07031 0.85938
vn 0.48438 0.07031 0.85938
vn 0.00781 0.97656 -0.12500
vn 0.00781 0.97656 -0.12500
vn 0.00781 0.97656 -0.12500
vn 0.15625 0.80469 0.55469
vn -0.04688 0.95312 -0.25000
vn -0.04688 0.95312 -0.25000
vn 0.28906 0.07031 0.93750
vn 0.28906 0.07031 0.93750
vn 0.28906 0.07031 0.93750
vn 0.39844 0.05469 0.89844
vn 0.00000 0.07031 0.98438
vn 0.70312 0.12500 0.67969
vn 0.64062 0.10938 0.74219
vn 0.97656 0.11719 0.12500
vn 0.69531 0.05469 0.70312
vn 0.97656 -0.13281 0.06250
vn 0.63281 0.10938 0.75000
vn 0.48438 0.07031 0.85938
vn 0.42188 0.42188 0.78906
vn 0.15625 0.80469 0.55469
vn 0.12500 0.82812 0.53125
vn 0.00781 0.97656 -0.12500
vn 0.12500 0.82812 0.53125
vn 0.52344 0.72656 -0.41406
vn 0.12500 0.82812 0.53125
vn 0.50000 0.75000 0.40625
vn 0.33594 0.47656 0.79688
vn 0.34375 0.62500 0.67969
vn 0.25781 0.35938 0.88281
vn 0.00000 0.52344 0.83594
vn 0.25781 0.35938 0.88281
vn 0.00000 0.27344 0.94531
vn 0.35938 0.20312 0.89844
vn 0.00000 0.14062 0.97656
vn 0.69531 0.05469 0.70312
vn 0.00000 0.07812 0.98438
vn 0.64062 0.10938 0.74219
vn 0.00000 0.07031 0.98438
vn 0.00000 0.07031 0.98438
vn 0.00000 0.92188 0.35156
vn 0.00000 0.92188 0.35156
vn 0.70312 0.53125 0.44531
vn 0.60938 0.71094 0.31250
vn 0.94531 0.27344 0.10156
vn 0.86719 0.30469 0.35156
vn 0.96875 0.07812 -0.15625
vn 0.82812 0.19531 -0.50000
vn 0.84375 -0.01562 -0.51562
vn -0.07031 0.00000 -0.98438
vn 0.46875 -0.73438 -0.46094
vn -0.07031 0.00000 -0.98438
vn -0.03906 -0.47656 -0.86719
vn -0.07031 0.00000 -0.98438
vn -0.66406 -0.55469 -0.46875
vn -0.07031 0.00000 -0.98438
vn -0.94531 0.01562 -0.28125
vn -0.92969 0.03906 -0.32812
vn -0.98438 0.05469 -0.00781
vn -0.84375 0.26562 0.43750
vn -0.95312 0.21094 0.12500
vn -0.64062 0.65625 0.36719
vn -0.68750 0.51562 0.47656
vn 0.00000 0.92188 0.35156
vn 0.01562 0.69531 0.70312
vn 0.70312 0.53125 0.44531
vn 0.03125 -0.13281 0.97656
vn 0.70312 0.53125 0.44531
vn 0.75000 -0.49219 0.41406
vn 0.94531 0.27344 0.10156
vn 0.57812 -0.80469 0.00000
vn 0.96875 0.07812 -0.15625
vn 0.74219 -0.62500 -0.16406
vn 0.84375 -0.01562 -0.51562
vn 0.46875 -0.73438 -0.46094
vn 0.46875 -0.73438 -0.46094
vn 0.00000 0.92188 0.35156
vn 0.00000 0.92188 0.35156
vn 0.68750 0.51562 0.47656
vn 0.64062 0.65625 0.36719
vn 0.95312 0.21094 0.12500
vn 0.84375 0.26562 0.43750
vn 0.98438 0.05469 -0.00781
vn 0.92969 0.03906 -0.32812
vn 0.94531 0.01562 -0.28125
vn 0.07031 0.00000 -0.98438
vn 0.66406 -0.55469 -0.46875
vn 0.07031 0.00000 -0.98438
vn 0.03906 -0.47656 -0.86719
vn 0.07031 0.00000 -0.98438
vn -0.46875 -0.73438 -0.46094
vn 0.07031 0.00000 -0.98438
vn -0.84375 -0.01562 -0.51562
vn -0.82812 0.19531 -0.50000
vn -0.96875 0.07812 -0.15625
vn -0.86719 0.30469 0.35156
vn -0.94531 0.27344 0.10156
vn -0.60938 0.71094 0.31250
vn -0.70312 0.53125 0.44531
vn 0.00000 0.92188 0.35156
vn -0.01562 0.69531 0.70312
vn 0.68750 0.51562 0.47656
vn -0.03125 -0.13281 0.97656
vn 0.68750 0.51562 0.47656
vn 0.61719 -0.66406 0.39062
vn 0.95312 0.21094 0.12500
vn 0.83594 -0.52344 0.01562
vn 0.98438 0.05469 -0.00781
vn 0.60156 -0.78125 0.00781
vn 0.94531 0.01562 -0.28125
vn 0.66406 -0.55469 -0.46875
vn 0.66406 -0.55469 -0.46875
vn -0.50000 0.85156 -0.05469
vn -0.50000 0.85156 -0.05469
vn 0.00000 0.96875 -0.17969
vn -0.51562 0.79688 -0.26562
vn -0.51562 0.79688 -0.26562
vn -0.50000 0.85156 -0.05469
vn -0.50000 0.85156 -0.05469
vn -0.50000 0.85156 -0.05469
vn -0.51562 0.79688 -0.26562
vn -0.92188 0.35156 0.01562
vn -0.92188 0.35156 0.01562
vn -0.85156 -0.07031 -0.49219
vn -0.85156 -0.07031 -0.49219
vn -0.85156 -0.07031 -0.49219
vn -0.93750 -0.24219 0.17188
vn -0.97656 -0.07031 0.12500
vn -0.97656 -0.07031 0.12500
vn -0.50000 0.85156 -0.05469
vn -0.50000 0.85156 -0.05469
vn -0.50000 0.85156 -0.05469
vn -0.92188 0.35156 0.01562
vn -0.74219 0.55469 0.33594
vn -0.83594 0.18750 0.48438
vn -0.47656 0.63281 0.59375
vn -0.49219 0.50781 0.68750
vn 0.00000 0.84375 0.50781
vn 0.00781 0.57031 0.80469
vn 0.00000 0.84375 0.50781
vn 0.43750 0.58594 0.65625
vn 0.52344 0.73438 0.39844
vn 0.76562 0.41406 0.46094
vn 0.75000 0.57031 0.29688
vn 0.89844 0.41406 0.03906
vn 0.56250 0.80469 0.04688
vn 0.51562 0.79688 -0.26562
vn 0.00000 0.96875 -0.17969
vn 0.00000 0.86719 -0.46875
vn -0.51562 0.79688 -0.26562
vn -0.58594 0.60938 -0.50781
vn -0.92188 0.35156 0.01562
vn -0.85156 0.23438 -0.43750
vn -0.97656 -0.07031 0.12500
vn -0.89062 -0.00781 -0.41406
vn -0.85156 -0.07031 -0.49219
vn -0.57812 -0.13281 -0.78906
vn -0.53906 -0.13281 -0.81250
vn 0.00000 -0.11719 -0.98438
vn -0.54688 -0.35156 -0.74219
vn 0.00000 -0.39844 -0.90625
vn 0.00000 -0.39844 -0.90625
vn 0.00000 -0.53906 -0.82812
vn 0.00000 -0.53906 -0.82812
vn -0.70312 -0.68750 0.06250
vn 0.69531 -0.69531 0.06250
vn 0.69531 -0.69531 0.06250
vn 0.87500 0.00781 0.45312
vn 0.87500 0.00781 0.45312
vn 0.87500 0.00781 0.45312
vn 0.33594 -0.06250 0.92969
vn 0.86719 0.03125 0.46875
vn 0.86719 0.03125 0.46875
vn 0.00000 -0.04688 -0.98438
vn 0.00000 -0.04688 -0.98438
vn 0.00000 -0.04688 -0.98438
vn 0.14844 -0.06250 -0.97656
vn 0.17969 -0.14062 -0.96094
vn 0.67188 0.07812 -0.71875
vn 0.67188 -0.05469 -0.72656
vn 0.97656 0.03125 -0.16406
vn 0.97656 0.01562 -0.12500
vn 0.77344 0.00000 0.60938
vn 0.87500 0.00781 0.45312
vn -0.10938 -0.11719 0.97656
vn 0.33594 -0.06250 0.92969
vn -0.73438 -0.12500 0.64062
vn 0.33594 -0.06250 0.92969
vn -0.28125 -0.14844 0.92969
vn 0.81250 0.00000 0.55469
vn 0.41406 0.01562 0.89844
vn 0.81250 0.00000 0.55469
vn 0.96875 -0.08594 0.16406
vn 0.96875 0.08594 -0.15625
vn 0.66406 -0.14844 -0.71875
vn 0.54688 0.14844 -0.80469
vn -0.45312 -0.00781 -0.87500
vn -0.17188 0.09375 -0.96875
vn -0.89062 -0.03125 -0.42969
vn -0.37500 -0.01562 -0.91406
vn -0.89844 -0.12500 -0.39062
vn -0.90625 -0.11719 -0.37500
vn -0.97656 -0.10938 0.07031
vn -0.90625 -0.11719 -0.37500
vn -0.90625 -0.11719 0.36719
vn -0.90625 -0.11719 -0.37500
vn -0.70312 -0.68750 0.06250
vn -0.64062 -0.32031 -0.67969
vn 0.00000 -0.53906 -0.82812
vn 0.10938 -0.17969 -0.96875
vn 0.17969 -0.14062 -0.96094
vn 0.10938 -0.17969 -0.96875
vn 0.67188 -0.05469 -0.72656
vn 0.59375 0.04688 -0.78906
vn 0.97656 0.01562 -0.12500
vn 0.97656 0.06250 -0.14062
vn 0.87500 0.00781 0.45312
vn 0.97656 0.09375 -0.13281
vn 0.86719 0.03125 0.46875
vn 0.81250 0.00000 0.55469
vn 0.33594 -0.06250 0.92969
vn 0.33594 -0.06250 0.92969
vn 0.74219 -0.64062 0.13281
vn 0.74219 -0.64062 0.13281
vn 0.92969 -0.32031 -0.05469
vn 0.87500 -0.26562 0.36719
vn 0.94531 -0.07812 0.28125
vn 0.76562 -0.05469 0.62500
vn 0.92188 -0.14062 0.32031
vn 0.79688 -0.10156 0.57812
vn 0.94531 -0.00781 0.28125
vn 0.83594 -0.10156 0.51562
vn 0.91406 0.08594 0.36719
vn 0.83594 -0.10156 0.51562
vn 0.81250 -0.09375 0.55469
vn 0.83594 -0.10156 0.51562
vn 0.50000 -0.49219 0.68750
vn 0.83594 -0.10156 0.51562
vn 0.50781 -0.11719 0.83594
vn 0.79688 -0.10156 0.57812
vn 0.65625 0.03906 0.74219
vn 0.76562 -0.05469 0.62500
vn 0.69531 -0.02344 0.69531
vn 0.70312 -0.14062 0.67969
vn 0.59375 -0.07031 0.78906
vn 0.62500 -0.09375 0.75781
vn 0.00781 -0.28906 0.94531
vn 0.00781 0.10938 0.98438
vn -0.62500 -0.10938 0.75781
vn -0.60156 -0.03125 0.78125
vn -0.75000 -0.40625 0.50000
vn -0.53906 -0.64844 0.50781
vn -0.52344 -0.81250 0.19531
vn -0.53906 -0.64844 0.50781
vn -0.30469 -0.93750 0.08594
vn 0.00000 -0.91406 0.36719
vn 0.00000 -0.98438 0.06250
vn 0.00000 -0.91406 0.36719
vn 0.30469 -0.93750 0.08594
vn 0.54688 -0.64844 0.50000
vn 0.52344 -0.81250 0.19531
vn 0.75000 -0.39844 0.50000
vn 0.67188 -0.66406 0.28125
vn 0.75000 -0.39844 0.50000
vn 0.74219 -0.64062 0.13281
vn 0.77344 -0.33594 0.50781
vn 0.87500 -0.26562 0.36719
vn 0.77344 -0.33594 0.50781
vn 0.76562 -0.05469 0.62500
vn 0.77344 -0.33594 0.50781
vn 0.70312 -0.14062 0.67969
vn 0.75000 -0.39844 0.50000
vn 0.62500 -0.09375 0.75781
vn 0.61719 -0.02344 0.77344
vn 0.00781 0.10938 0.98438
vn 0.00781 -0.29688 0.94531
vn -0.60156 -0.03125 0.78125
vn -0.60156 -0.03125 0.78125
vn 0.82031 -0.10156 -0.53125
vn 0.82031 -0.10156 -0.53125
vn 0.97656 -0.03125 0.14062
vn 0.92188 -0.31250 0.16406
vn 0.92188 -0.31250 0.16406
vn -0.92969 -0.16406 0.27344
vn -0.92969 -0.16406 0.27344
vn -0.92969 -0.16406 0.27344
vn -0.98438 -0.08594 -0.01562
vn -0.88281 -0.15625 -0.40625
vn -0.45312 -0.00781 -0.87500
vn -0.10156 -0.30469 -0.92969
vn 0.66406 -0.14844 -0.71875
vn 0.63281 -0.37500 -0.65625
vn 0.66406 -0.14844 -0.71875
vn 0.92188 -0.30469 -0.16406
vn 0.96875 -0.08594 0.16406
vn 0.86719 0.30469 0.35156
vn 0.41406 0.01562 0.89844
vn -0.24219 0.06250 0.95312
vn 0.41406 0.01562 0.89844
vn -0.77344 -0.03906 0.61719
vn -0.28125 -0.14844 0.92969
vn -0.91406 -0.10938 0.35156
vn -0.73438 -0.12500 0.64062
vn -0.97656 -0.10938 0.07031
vn -0.73438 -0.12500 0.64062
vn -0.90625 -0.11719 0.36719
vn -0.10938 -0.11719 0.97656
vn -0.52344 -0.48438 0.67969
vn 0.07812 -0.15625 0.96875
vn 0.00000 -0.66406 0.72656
vn 0.00000 0.00000 0.98438
vn -0.07812 -0.15625 0.96875
vn -0.28906 0.03125 0.94531
vn -0.77344 0.00000 0.60938
vn -0.67969 0.00781 0.71094
vn -0.77344 0.00000 0.60938
vn -0.93750 0.32031 0.00781
vn -0.97656 0.03125 -0.16406
vn -0.67188 0.07812 -0.71875
vn -0.67188 -0.05469 -0.71875
vn -0.17969 -0.14062 -0.96094
vn -0.10938 -0.17969 -0.96094
vn 0.00000 -0.53906 -0.82812
vn 0.64062 -0.32812 -0.67188
vn 0.69531 -0.69531 0.06250
vn 0.90625 -0.11719 -0.37500
vn 0.91406 -0.11719 0.35938
vn 0.90625 -0.11719 -0.37500
vn 0.97656 -0.10156 0.07031
vn 0.89844 -0.12500 -0.38281
vn 0.89062 -0.02344 -0.42188
vn 0.37500 -0.01562 -0.91406
vn 0.17188 0.09375 -0.96875
vn -0.48438 0.10938 -0.85156
vn -0.55469 0.14844 -0.80469
vn -0.97656 0.09375 -0.12500
vn -0.96875 0.09375 -0.15625
vn -0.82031 0.00000 0.54688
vn -0.96875 -0.08594 0.16406
vn -0.41406 0.01562 0.89844
vn -0.86719 0.30469 0.35156
vn -0.41406 0.01562 0.89844
vn 0.24219 0.06250 0.95312
vn 0.77344 -0.03906 0.61719
vn 0.84375 0.26562 0.43750
vn 0.77344 -0.03906 0.61719
vn 0.92969 -0.16406 0.27344
vn 0.77344 -0.03906 0.61719
vn 0.98438 -0.08594 -0.01562
vn 0.77344 -0.03906 0.61719
vn 0.91406 -0.10938 0.35156
vn 0.28906 -0.14844 0.92969
vn 0.74219 -0.12500 0.63281
vn -0.34375 -0.06250 0.92188
vn 0.10938 -0.12500 0.97656
vn -0.88281 0.00000 0.44531
vn -0.77344 0.00000 0.60938
vn -0.97656 0.01562 -0.12500
vn -0.97656 0.03125 -0.16406
vn -0.97656 0.01562 -0.12500
vn -0.67188 -0.05469 -0.71875
vn -0.60156 0.03906 -0.78125
vn -0.10938 -0.17969 -0.96094
vn 0.28906 -0.02344 -0.94531
vn 0.64062 -0.32812 -0.67188
vn 0.28906 -0.02344 -0.94531
vn 0.90625 -0.11719 -0.37500
vn 0.37500 -0.01562 -0.91406
vn 0.89844 -0.12500 -0.38281
vn 0.89844 -0.12500 -0.38281
vn -0.21094 -0.03125 -0.96094
vn -0.21094 -0.03125 -0.96094
vn -0.53906 -0.26562 -0.78125
vn -0.30469 -0.25000 -0.90625
vn -0.30469 -0.25000 -0.90625
vn -0.93750 -0.20312 -0.24219
vn -0.93750 -0.20312 -0.24219
vn -0.93750 -0.20312 -0.24219
vn -0.93750 -0.20312 -0.24219
vn -0.93750 -0.20312 -0.24219
vn -0.93750 -0.20312 -0.24219
vn -0.53906 -0.26562 -0.78125
vn -0.53906 -0.26562 -0.78125
vn -0.53906 -0.26562 -0.78125
vn -0.85156 -0.49219 0.10156
vn -0.86719 -0.46875 -0.06250
vn -0.86719 -0.46875 -0.06250
vn 0.24219 0.18750 -0.93750
vn 0.24219 0.18750 -0.93750
vn 0.24219 0.18750 -0.93750
vn -0.84375 -0.21094 -0.46875
vn -0.84375 -0.21094 -0.46875
vn -0.84375 -0.21094 -0.46875
vn -0.42188 -0.28125 -0.84375
vn -0.42188 -0.28125 -0.84375
vn -0.42188 -0.28125 -0.84375
vn -0.30469 -0.25000 -0.90625
vn -0.53906 -0.26562 -0.78125
vn -0.53906 -0.26562 -0.78125
vn 0.39844 0.05469 0.89844
vn 0.39844 0.05469 0.89844
vn 0.39844 0.05469 0.89844
vn 0.00000 0.07031 0.98438
vn 0.00000 0.07031 0.98438
vn 0.00000 0.07031 0.98438
vn 0.14844 -0.06250 -0.97656
vn 0.14844 -0.06250 -0.97656
vn 0.14844 -0.06250 -0.97656
vn 0.14844 -0.06250 -0.97656
vn 0.67188 0.07812 -0.71875
vn 0.67188 0.07812 -0.71875
vn 0.67188 0.07812 -0.71875
vn 0.67188 0.07812 -0.71875
vn 0.67188 0.07812 -0.71875
vn 0.93750 0.32031 0.00781
vn 0.67188 0.07812 -0.71875
vn 0.67188 0.07812 -0.71875
vn 0.67188 0.07812 -0.71875
vn 0.67188 0.07812 -0.71875
vn 0.67188 0.07812 -0.71875
vn 0.14844 -0.06250 -0.97656
vn 0.00000 -0.04688 -0.98438
vn 0.00000 -0.04688 -0.98438
vn 0.46875 -0.73438 -0.46094
vn 0.46875 -0.73438 -0.46094
vn 0.46875 -0.73438 -0.46094
vn -0.66406 -0.55469 -0.46875
vn -0.03906 -0.47656 -0.86719
vn -0.03906 -0.47656 -0.86719
vn -0.84375 0.26562 0.43750
vn -0.84375 0.26562 0.43750
vn -0.84375 0.26562 0.43750
vn -0.64844 0.30469 0.67188
vn -0.92969 0.03906 -0.32812
vn -0.92969 0.03906 -0.32812
vn -0.89844 0.14844 0.38281
vn -0.89844 0.14844 0.38281
vn -0.89844 0.14844 0.38281
vn -0.89062 0.15625 0.39062
vn -0.89062 0.15625 0.39062
vn -0.89062 0.15625 0.39062
vn 0.21094 -0.03125 -0.96094
vn 0.21094 -0.03125 -0.96094
vn 0.21094 -0.03125 -0.96094
vn 0.30469 -0.25000 -0.90625
vn 0.53906 -0.26562 -0.78125
vn 0.53906 -0.26562 -0.78125
vn 0.93750 -0.20312 -0.24219
vn 0.93750 -0.20312 -0.24219
vn 0.93750 -0.20312 -0.24219
vn 0.93750 -0.20312 -0.24219
vn 0.93750 -0.20312 -0.24219
vn 0.93750 -0.20312 -0.24219
vn 0.53906 -0.26562 -0.78125
vn 0.53906 -0.26562 -0.78125
vn 0.53906 -0.26562 -0.78125
vn 0.86719 -0.46875 -0.06250
vn 0.85156 -0.49219 0.10156
vn 0.85156 -0.49219 0.10156
vn -0.78906 0.10938 -0.57812
vn -0.78906 0.10938 -0.57812
vn -0.78906 0.10938 -0.57812
vn -0.78906 0.10938 -0.57812
vn -0.84375 -0.21094 -0.46875
vn -0.84375 -0.21094 -0.46875
vn -0.89844 0.14844 0.38281
vn -0.89844 0.14844 0.38281
vn -0.89844 0.14844 0.38281
vn -0.89844 0.14844 0.38281
vn -0.96875 0.13281 0.14844
vn -0.96875 0.13281 0.14844
vn 0.42188 -0.28125 -0.84375
vn 0.42188 -0.28125 -0.84375
vn 0.42188 -0.28125 -0.84375
vn 0.53906 -0.26562 -0.78125
vn 0.30469 -0.25000 -0.90625
vn 0.30469 -0.25000 -0.90625
vn -0.28906 0.07031 0.93750
vn -0.28906 0.07031 0.93750
vn -0.28906 0.07031 0.93750
vn -0.28906 0.07031 0.93750
vn 0.00000 0.07031 0.98438
vn 0.00000 0.07031 0.98438
vn -0.93750 0.32031 0.00781
vn -0.93750 0.32031 0.00781
vn -0.93750 0.32031 0.00781
vn 0.00000 -0.04688 -0.98438
vn -0.14844 -0.06250 -0.97656
vn -0.14844 -0.06250 -0.97656
vn -0.86719 0.30469 0.35156
vn -0.86719 0.30469 0.35156
vn -0.86719 0.30469 0.35156
vn 0.20312 -0.35938 -0.89844
vn 0.20312 -0.35938 -0.89844
vn 0.20312 -0.35938 -0.89844
vn 0.24219 0.06250 0.95312
vn 0.24219 0.06250 0.95312
vn 0.24219 0.06250 0.95312
vn -0.86719 0.30469 0.35156
vn 0.20312 -0.35938 -0.89844
vn 0.20312 -0.35938 -0.89844
vn -0.46875 -0.73438 -0.46094
vn -0.46875 -0.73438 -0.46094
vn -0.46875 -0.73438 -0.46094
vn 0.03906 -0.47656 -0.86719
vn 0.66406 -0.55469 -0.46875
vn 0.66406 -0.55469 -0.46875
vn 0.96875 -0.04688 -0.19531
vn 0.96875 -0.04688 -0.19531
vn 0.96875 -0.04688 -0.19531
vn 0.96875 -0.04688 -0.19531
vn 0.96875 -0.04688 -0.19531
vn 0.96875 -0.04688 -0.19531
vn -0.01562 -0.32812 -0.92969
vn -0.01562 -0.32812 -0.92969
vn -0.01562 -0.32812 -0.92969
vn 0.42188 -0.81250 -0.36719
vn -0.03125 -0.70312 -0.69531
vn -0.03125 -0.70312 -0.69531
vn -0.03125 -0.70312 -0.69531
vn -0.16406 0.21875 -0.94531
vn -0.01562 -0.32812 -0.92969
vn -0.01562 -0.32812 -0.92969
vn -0.16406 0.21875 -0.94531
vn -0.16406 0.21875 -0.94531
vn -0.16406 0.21875 -0.94531
vn -0.03125 -0.70312 -0.69531
vn -0.32812 -0.64062 -0.67188
vn -0.32812 -0.64062 -0.67188
vn 0.91406 0.19531 -0.31250
vn 0.91406 0.19531 -0.31250
vn 0.91406 0.19531 -0.31250
vn -0.01562 -0.32812 -0.92969
vn -0.16406 0.21875 -0.94531
vn -0.16406 0.21875 -0.94531
vn -0.32812 -0.64062 -0.67188
vn -0.32812 -0.64062 -0.67188
vn -0.32812 -0.64062 -0.67188
vn -0.03125 -0.70312 -0.69531
vn 0.46094 -0.62500 -0.60938
vn 0.46094 -0.62500 -0.60938
vn 0.01562 -0.91406 -0.36719
vn 0.01562 -0.91406 -0.36719
vn 0.01562 -0.91406 -0.36719
vn -0.03125 -0.70312 -0.69531
vn 0.06250 -0.97656 -0.14062
vn 0.06250 -0.97656 -0.14062
vn 0.01562 -0.91406 -0.36719
vn 0.01562 -0.91406 -0.36719
vn 0.01562 -0.91406 -0.36719
vn 0.46094 -0.62500 -0.60938
vn -0.03125 -0.70312 -0.69531
vn -0.03125 -0.70312 -0.69531
vn -0.96875 -0.04688 -0.19531
vn -0.96875 -0.04688 -0.19531
vn -0.96875 -0.04688 -0.19531
vn -0.96875 -0.04688 -0.19531
vn -0.96875 -0.04688 -0.19531
vn -0.96875 -0.04688 -0.19531
vn 0.02344 -0.32031 -0.92969
vn 0.02344 -0.32031 -0.92969
vn 0.02344 -0.32031 -0.92969
vn 0.06250 -0.69531 -0.69531
vn -0.37500 -0.83594 -0.36719
vn 0.06250 -0.69531 -0.69531
vn 0.06250 -0.69531 -0.69531
vn 0.02344 -0.32031 -0.92969
vn 0.14844 0.23438 -0.94531
vn 0.14844 0.23438 -0.94531
vn 0.14844 0.23438 -0.94531
vn 0.14844 0.23438 -0.94531
vn 0.14844 0.23438 -0.94531
vn 0.35938 -0.61719 -0.67969
vn 0.06250 -0.69531 -0.69531
vn 0.06250 -0.69531 -0.69531
vn -0.92969 0.14844 -0.30469
vn -0.92969 0.14844 -0.30469
vn -0.92969 0.14844 -0.30469
vn 0.14844 0.23438 -0.94531
vn 0.02344 -0.32031 -0.92969
vn 0.02344 -0.32031 -0.92969
vn 0.35938 -0.61719 -0.67969
vn 0.35938 -0.61719 -0.67969
vn 0.35938 -0.61719 -0.67969
vn -0.42969 -0.64844 -0.60938
vn 0.06250 -0.69531 -0.69531
vn 0.06250 -0.69531 -0.69531
vn 0.01562 -0.91406 -0.36719
vn 0.01562 -0.91406 -0.36719
vn 0.01562 -0.91406 -0.36719
vn -0.01562 -0.97656 -0.14844
vn 0.06250 -0.69531 -0.69531
vn 0.06250 -0.69531 -0.69531
vn -0.83594 0.18750 0.48438
vn -0.83594 0.18750 0.48438
vn -0.83594 0.18750 0.48438
vn -0.92188 0.35156 0.01562
vn -0.88281 0.28125 0.35156
vn -0.88281 0.28125 0.35156
vn -0.80469 -0.13281 0.55469
vn -0.80469 -0.13281 0.55469
vn -0.80469 -0.13281 0.55469
vn -0.87500 0.17188 0.42188
vn -0.77344 0.30469 0.53125
vn -0.77344 0.30469 0.53125
vn -0.25000 -0.95312 0.06250
vn -0.25000 -0.95312 0.06250
vn -0.25000 -0.95312 0.06250
vn -0.25000 -0.95312 0.06250
vn -0.25000 -0.95312 0.06250
vn -0.25000 -0.95312 0.06250
vn 0.92188 -0.14062 0.32031
vn 0.92188 -0.14062 0.32031
vn 0.92188 -0.14062 0.32031
vn 0.78125 0.25781 0.53906
vn 0.87500 0.17969 0.42188
vn 0.87500 0.17969 0.42188
vn 0.25781 -0.95312 0.06250
vn 0.25781 -0.95312 0.06250
vn 0.25781 -0.95312 0.06250
vn 0.25781 -0.95312 0.06250
vn 0.25781 -0.95312 0.06250
vn 0.25781 -0.95312 0.06250
vn -0.88281 0.43750 -0.03125
vn -0.88281 0.43750 -0.03125
vn -0.88281 0.43750 -0.03125
vn -0.86719 0.22656 0.40625
vn -0.84375 0.48438 0.14844
vn -0.84375 0.48438 0.14844
vn 0.96094 0.24219 0.00000
vn 0.96094 0.24219 0.00000
vn 0.96094 0.24219 0.00000
vn 0.95312 0.03125 0.25781
vn 0.89844 0.00781 0.41406
usemtl pgoonb_0
f 2/2/2 1/1/1 3/3/3
f 4/4/4 2/2/2 3/3/3
f 4/4/4 3/3/3 5/5/5
f 6/6/6 4/4/4 5/5/5
f 6/6/6 5/5/5 7/7/7
f 8/8/8 6/6/6 7/7/7
f 8/8/8 7/7/7 9/9/9
f 10/10/10 8/8/8 9/9/9
f 10/10/10 9/9/9 11/11/11
f 12/12/12 10/10/10 11/11/11
f 12/12/12 11/11/11 13/13/13
f 14/14/14 12/12/12 13/13/13
f 14/14/14 13/13/13 15/15/15
f 16/16/16 14/14/14 15/15/15
f 16/16/16 15/15/15 17/17/17
f 18/18/18 16/16/16 17/17/17
f 18/18/18 17/17/17 19/19/19
f 20/20/20 18/18/18 19/19/19
f 20/20/20 19/19/19 21/21/21
f 22/22/22 20/20/20 21/21/21
f 22/22/22 21/21/21 23/23/23
f 24/24/24 22/22/22 23/23/23
f 24/24/24 23/23/23 25/25/25
f 26/26/26 24/24/24 25/25/25
f 26/26/26 25/25/25 27/27/27
f 28/28/28 26/26/26 27/27/27
f 28/28/28 27/27/27 29/29/29
f 30/30/30 28/28/28 29/29/29
f 30/30/30 29/29/29 31/31/31
f 32/32/32 30/30/30 31/31/31
f 32/32/32 31/31/31 33/33/33
f 34/34/34 32/32/32 33/33/33
f 34/34/34 33/33/33 35/35/35
f 36/36/36 34/34/34 35/35/35
f 36/36/36 35/35/35 37/37/37
f 38/38/38 36/36/36 37/37/37
f 38/38/38 37/37/37 39/39/39
f 40/40/40 38/38/38 39/39/39
f 40/40/40 39/39/39 41/41/41
f 42/42/42 40/40/40 41/41/41
f 42/42/42 41/41/41 43/43/43
f 44/44/44 42/42/42 43/43/43
f 44/44/44 43/43/43 45/45/45
f 46/46/46 44/44/44 45/45/45
f 46/46/46 45/45/45 47/47/47
f 48/48/48 46/46/46 47/47/47
f 48/48/48 47/47/47 49/49/49
f 50/50/50 48/48/48 49/49/49
f 50/50/50 49/49/49 51/51/51
f 52/52/52 50/50/50 51/51/51
f 52/52/52 51/51/51 53/53/53
f 54/54/54 52/52/52 53/53/53
f 54/54/54 53/53/53 55/55/55
f 56/56/56 54/54/54 55/55/55
f 56/56/56 55/55/55 57/57/57
f 58/58/58 56/56/56 57/57/57
f 58/58/58 57/57/57 59/59/59
f 60/60/60 58/58/58 59/59/59
f 60/60/60 59/59/59 61/61/61
f 62/62/62 60/60/60 61/61/61
f 62/62/62 61/61/61 63/63/63
f 64/64/64 62/62/62 63/63/63
f 64/64/64 63/63/63 65/65/65
f 66/66/66 64/64/64 65/65/65
f 66/66/66 65/65/65 67/67/67
f 68/68/68 66/66/66 67/67/67
f 68/68/68 67/67/67 69/69/69
f 70/70/70 68/68/68 69/69/69
f 70/70/70 69/69/69 71/71/71
f 72/72/72 70/70/70 71/71/71
f 72/72/72 71/71/71 73/73/73
f 74/74/74 72/72/72 73/73/73
f 74/74/74 73/73/73 75/75/75
f 76/76/76 74/74/74 75/75/75
f 76/76/76 75/75/75 77/77/77
f 78/78/78 76/76/76 77/77/77
f 78/78/78 77/77/77 79/79/79
f 80/80/80 78/78/78 79/79/79
f 80/80/80 79/79/79 81/81/81
f 82/82/82 80/80/80 81/81/81
f 82/82/82 81/81/81 83/83/83
f 84/84/84 82/82/82 83/83/83
f 84/84/84 83/83/83 85/85/85
f 86/86/86 84/84/84 85/85/85
f 86/86/86 85/85/85 87/87/87
f 88/88/88 86/86/86 87/87/87
f 88/88/88 87/87/87 89/89/89
f 90/90/90 88/88/88 89/89/89
f 90/90/90 89/89/89 91/91/91
f 92/92/92 90/90/90 91/91/91
f 92/92/92 91/91/91 93/93/93
f 94/94/94 92/92/92 93/93/93
f 94/94/94 93/93/93 95/95/95
f 96/96/96 94/94/94 95/95/95
f 96/96/96 95/95/95 97/97/97
f 98/98/98 96/96/96 97/97/97
f 98/98/98 97/97/97 99/99/99
f 100/100/100 98/98/98 99/99/99
f 100/100/100 99/99/99 101/101/101
f 102/102/102 100/100/100 101/101/101
f 102/102/102 101/101/101 103/103/103
f 104/104/104 102/102/102 103/103/103
f 104/104/104 103/103/103 105/105/105
f 106/106/106 104/104/104 105/105/105
f 106/106/106 105/105/105 107/107/107
f 108/108/108 106/106/106 107/107/107
f 108/108/108 107/107/107 109/109/109
f 110/110/110 108/108/108 109/109/109
f 110/110/110 109/109/109 111/111/111
f 112/112/112 110/110/110 111/111/111
f 112/112/112 111/111/111 113/113/113
f 114/114/114 112/112/112 113/113/113
f 114/114/114 113/113/113 115/115/115
f 116/116/116 114/114/114 115/115/115
f 116/116/116 115/115/115 117/117/117
f 118/118/118 116/116/116 117/117/117
f 118/118/118 117/117/117 119/119/119
f 120/120/120 118/118/118 119/119/119
f 120/120/120 119/119/119 121/121/121
f 122/122/122 120/120/120 121/121/121
f 122/122/122 121/121/121 123/123/123
f 124/124/124 122/122/122 123/123/123
f 124/124/124 123/123/123 125/125/125
f 126/126/126 124/124/124 125/125/125
f 126/126/126 125/125/125 127/127/127
f 128/128/128 126/126/126 127/127/127
f 128/128/128 127/127/127 129/129/129
f 130/130/130 128/128/128 129/129/129
f 130/130/130 129/129/129 131/131/131
f 132/132/132 130/130/130 131/131/131
f 132/132/132 131/131/131 133/133/133
f 134/134/134 132/132/132 133/133/133
f 134/134/134 133/133/133 135/135/135
f 136/136/136 134/134/134 135/135/135
f 136/136/136 135/135/135 137/137/137
f 138/138/138 136/136/136 137/137/137
f 138/138/138 137/137/137 139/139/139
f 140/140/140 138/138/138 139/139/139
f 140/140/140 139/139/139 141/141/141
f 142/142/142 140/140/140 141/141/141
f 142/142/142 141/141/141 143/143/143
f 144/144/144 142/142/142 143/143/143
f 144/144/144 143/143/143 145/145/145
f 146/146/146 144/144/144 145/145/145
f 146/146/146 145/145/145 147/147/147
f 148/148/148 146/146/146 147/147/147
f 148/148/148 147/147/147 149/149/149
f 150/150/150 148/148/148 149/149/149
f 150/150/150 149/149/149 151/151/151
f 152/152/152 150/150/150 151/151/151
f 152/152/152 151/151/151 153/153/153
f 154/154/154 152/152/152 153/153/153
f 154/154/154 153/153/153 155/155/155
f 156/156/156 154/154/154 155/155/155
f 156/156/156 155/155/155 157/157/157
f 158/158/158 156/156/156 157/157/157
f 158/158/158 157/157/157 159/159/159
f 160/160/160 158/158/158 159/159/159
f 160/160/160 159/159/159 161/161/161
f 162/162/162 160/160/160 161/161/161
f 162/162/162 161/161/161 163/163/163
f 164/164/164 162/162/162 163/163/163
f 164/164/164 163/163/163 165/165/165
f 166/166/166 164/164/164 165/165/165
f 166/166/166 165/165/165 167/167/167
f 168/168/168 166/166/166 167/167/167
f 168/168/168 167/167/167 169/169/169
f 170/170/170 168/168/168 169/169/169
f 170/170/170 169/169/169 171/171/171
f 172/172/172 170/170/170 171/171/171
f 172/172/172 171/171/171 173/173/173
f 174/174/174 172/172/172 173/173/173
f 174/174/174 173/173/173 175/175/175
f 176/176/176 174/174/174 175/175/175
f 176/176/176 175/175/175 177/177/177
f 178/178/178 176/176/176 177/177/177
f 178/178/178 177/177/177 179/179/179
f 180/180/180 178/178/178 179/179/179
f 180/180/180 179/179/179 181/181/181
f 182/182/182 180/180/180 181/181/181
f 182/182/182 181/181/181 183/183/183
f 184/184/184 182/182/182 183/183/183
f 184/184/184 183/183/183 185/185/185
f 186/186/186 184/184/184 185/185/185
f 186/186/186 185/185/185 187/187/187
f 188/188/188 186/186/186 187/187/187
f 188/188/188 187/187/187 189/189/189
f 190/190/190 188/188/188 189/189/189
f 190/190/190 189/189/189 191/191/191
f 192/192/192 190/190/190 191/191/191
f 192/192/192 191/191/191 193/193/193
f 194/194/194 192/192/192 193/193/193
f 194/194/194 193/193/193 195/195/195
f 196/196/196 194/194/194 195/195/195
f 196/196/196 195/195/195 197/197/197
f 198/198/198 196/196/196 197/197/197
f 198/198/198 197/197/197 199/199/199
f 200/200/200 198/198/198 199/199/199
f 200/200/200 199/199/199 201/201/201
f 202/202/202 200/200/200 201/201/201
f 202/202/202 201/201/201 203/203/203
f 204/204/204 202/202/202 203/203/203
f 204/204/204 203/203/203 205/205/205
f 206/206/206 204/204/204 205/205/205
f 206/206/206 205/205/205 207/207/207
f 208/208/208 206/206/206 207/207/207
f 208/208/208 207/207/207 209/209/209
f 210/210/210 208/208/208 209/209/209
f 210/210/210 209/209/209 211/211/211
f 212/212/212 210/210/210 211/211/211
f 212/212/212 211/211/211 213/213/213
f 214/214/214 212/212/212 213/213/213
f 214/214/214 213/213/213 215/215/215
f 216/216/216 214/214/214 215/215/215
f 216/216/216 215/215/215 217/217/217
f 218/218/218 216/216/216 217/217/217
f 218/218/218 217/217/217 219/219/219
f 220/220/220 218/218/218 219/219/219
f 220/220/220 219/219/219 221/221/221
f 222/222/222 220/220/220 221/221/221
f 222/222/222 221/221/221 223/223/223
f 224/224/224 222/222/222 223/223/223
f 224/224/224 223/223/223 225/225/225
f 226/226/226 224/224/224 225/225/225
f 226/226/226 225/225/225 227/227/227
f 228/228/228 226/226/226 227/227/227
f 228/228/228 227/227/227 229/229/229
f 230/230/230 228/228/228 229/229/229
f 230/230/230 229/229/229 231/231/231
f 232/232/232 230/230/230 231/231/231
f 232/232/232 231/231/231 233/233/233
f 234/234/234 232/232/232 233/233/233
f 234/234/234 233/233/233 235/235/235
f 236/236/236 234/234/234 235/235/235
f 236/236/236 235/235/235 237/237/237
f 238/238/238 236/236/236 237/237/237
f 238/238/238 237/237/237 239/239/239
f 240/240/240 238/238/238 239/239/239
f 240/240/240 239/239/239 241/241/241
f 242/242/242 240/240/240 241/241/241
f 242/242/242 241/241/241 243/243/243
f 244/244/244 242/242/242 243/243/243
f 244/244/244 243/243/243 245/245/245
f 246/246/246 244/244/244 245/245/245
f 246/246/246 245/245/245 247/247/247
f 248/248/248 246/246/246 247/247/247
f 248/248/248 247/247/247 249/249/249
f 250/250/250 248/248/248 249/249/249
f 250/250/250 249/249/249 251/251/251
f 252/252/252 250/250/250 251/251/251
f 252/252/252 251/251/251 253/253/253
f 254/254/254 252/252/252 253/253/253
f 254/254/254 253/253/253 255/255/255
f 256/256/256 254/254/254 255/255/255
f 256/256/256 255/255/255 257/257/257
f 258/258/258 256/256/256 257/257/257
f 258/258/258 257/257/257 259/259/259
f 260/260/260 258/258/258 259/259/259
f 260/260/260 259/259/259 261/261/261
f 262/262/262 260/260/260 261/261/261
f 262/262/262 261/261/261 263/263/263
f 264/264/264 262/262/262 263/263/263
f 264/264/264 263/263/263 265/265/265
f 266/266/266 264/264/264 265/265/265
f 266/266/266 265/265/265 267/267/267
f 268/268/268 266/266/266 267/267/267
f 268/268/268 267/267/267 269/269/269
f 270/270/270 268/268/268 269/269/269
f 270/270/270 269/269/269 271/271/271
f 272/272/272 270/270/270 271/271/271
f 272/272/272 271/271/271 273/273/273
f 274/274/274 272/272/272 273/273/273
f 274/274/274 273/273/273 275/275/275
f 276/276/276 274/274/274 275/275/275
f 276/276/276 275/275/275 277/277/277
f 278/278/278 276/276/276 277/277/277
f 278/278/278 277/277/277 279/279/279
f 280/280/280 278/278/278 279/279/279
f 280/280/280 279/279/279 281/281/281
f 282/282/282 280/280/280 281/281/281
f 282/282/282 281/281/281 283/283/283
f 284/284/284 282/282/282 283/283/283
f 284/284/284 283/283/283 285/285/285
f 286/286/286 284/284/284 285/285/285
f 286/286/286 285/285/285 287/287/287
f 288/288/288 286/286/286 287/287/287
f 288/288/288 287/287/287 289/289/289
f 290/290/290 288/288/288 289/289/289
f 290/290/290 289/289/289 291/291/291
f 292/292/292 290/290/290 291/291/291
f 292/292/292 291/291/291 293/293/293
f 294/294/294 292/292/292 293/293/293
f 294/294/294 293/293/293 295/295/295
f 296/296/296 294/294/294 295/295/295
f 296/296/296 295/295/295 297/297/297
f 298/298/298 296/296/296 297/297/297
f 298/298/298 297/297/297 299/299/299
f 300/300/300 298/298/298 299/299/299
f 300/300/300 299/299/299 301/301/301
f 302/302/302 300/300/300 301/301/301
f 302/302/302 301/301/301 303/303/303
f 304/304/304 302/302/302 303/303/303
f 304/304/304 303/303/303 305/305/305
f 306/306/306 304/304/304 305/305/305
f 306/306/306 305/305/305 307/307/307
f 308/308/308 306/306/306 307/307/307
f 308/308/308 307/307/307 309/309/309
f 310/310/310 308/308/308 309/309/309
f 310/310/310 309/309/309 311/311/311
f 312/312/312 310/310/310 311/311/311
f 312/312/312 311/311/311 313/313/313
f 314/314/314 312/312/312 313/313/313
f 314/314/314 313/313/313 315/315/315
f 316/316/316 314/314/314 315/315/315
f 316/316/316 315/315/315 317/317/317
f 318/318/318 316/316/316 317/317/317
f 318/318/318 317/317/317 319/319/319
f 320/320/320 318/318/318 319/319/319
f 320/320/320 319/319/319 321/321/321
f 322/322/322 320/320/320 321/321/321
f 322/322/322 321/321/321 323/323/323
f 324/324/324 322/322/322 323/323/323
f 324/324/324 323/323/323 325/325/325
f 326/326/326 324/324/324 325/325/325
f 326/326/326 325/325/325 327/327/327
f 328/328/328 326/326/326 327/327/327
f 328/328/328 327/327/327 329/329/329
f 330/330/330 328/328/328 329/329/329
f 330/330/330 329/329/329 331/331/331
f 332/332/332 330/330/330 331/331/331
f 332/332/332 331/331/331 333/333/333
f 334/334/334 332/332/332 333/333/333
f 334/334/334 333/333/333 335/335/335
f 336/336/336 334/334/334 335/335/335
f 336/336/336 335/335/335 337/337/337
f 338/338/338 336/336/336 337/337/337
f 338/338/338 337/337/337 339/339/339
f 340/340/340 338/338/338 339/339/339
f 340/340/340 339/339/339 341/341/341
f 342/342/342 340/340/340 341/341/341
f 342/342/342 341/341/341 343/343/343
f 344/344/344 342/342/342 343/343/343
f 344/344/344 343/343/343 345/345/345
f 346/346/346 344/344/344 345/345/345
f 346/346/346 345/345/345 347/347/347
f 348/348/348 346/346/346 347/347/347
f 348/348/348 347/347/347 349/349/349
f 350/350/350 348/348/348 349/349/349
f 350/350/350 349/349/349 351/351/351
f 352/352/352 350/350/350 351/351/351
f 352/352/352 351/351/351 353/353/353
f 354/354/354 352/352/352 353/353/353
f 354/354/354 353/353/353 355/355/355
f 356/356/356 354/354/354 355/355/355
f 356/356/356 355/355/355 357/357/357
f 358/358/358 356/356/356 357/357/357
f 358/358/358 357/357/357 359/359/359
f 360/360/360 358/358/358 359/359/359
f 360/360/360 359/359/359 361/361/361
f 362/362/362 360/360/360 361/361/361
f 362/362/362 361/361/361 363/363/363
f 364/364/364 362/362/362 363/363/363
f 364/364/364 363/363/363 365/365/365
f 366/366/366 364/364/364 365/365/365
f 366/366/366 365/365/365 367/367/367
f 368/368/368 366/366/366 367/367/367
f 368/368/368 367/367/367 369/369/369
f 370/370/370 368/368/368 369/369/369
f 370/370/370 369/369/369 371/371/371
f 372/372/372 370/370/370 371/371/371
f 372/372/372 371/371/371 373/373/373
f 374/374/374 372/372/372 373/373/373
f 374/374/374 373/373/373 375/375/375
f 376/376/376 374/374/374 375/375/375
f 376/376/376 375/375/375 377/377/377
f 378/378/378 376/376/376 377/377/377
f 378/378/378 377/377/377 379/379/379
f 380/380/380 378/378/378 379/379/379
f 380/380/380 379/379/379 381/381/381
f 382/382/382 380/380/380 381/381/381
f 382/382/382 381/381/381 383/383/383
f 384/384/384 382/382/382 383/383/383
f 384/384/384 383/383/383 385/385/385
f 386/386/386 384/384/384 385/385/385
f 386/386/386 385/385/385 387/387/387
f 388/388/388 386/386/386 387/387/387
f 388/388/388 387/387/387 389/389/389
f 390/390/390 388/388/388 389/389/389
f 390/390/390 389/389/389 391/391/391
f 392/392/392 390/390/390 391/391/391
f 392/392/392 391/391/391 393/393/393
f 394/394/394 392/392/392 393/393/393
f 394/394/394 393/393/393 395/395/395
f 396/396/396 394/394/394 395/395/395
f 396/396/396 395/395/395 397/397/397
f 398/398/398 396/396/396 397/397/397
f 398/398/398 397/397/397 399/399/399
f 400/400/400 398/398/398 399/399/399
f 400/400/400 399/399/399 401/401/401
f 402/402/402 400/400/400 401/401/401
f 402/402/402 401/401/401 403/403/403
f 404/404/404 402/402/402 403/403/403
f 404/404/404 403/403/403 405/405/405
f 406/406/406 404/404/404 405/405/405
f 406/406/406 405/405/405 407/407/407
f 408/408/408 406/406/406 407/407/407
f 408/408/408 407/407/407 409/409/409
f 410/410/410 408/408/408 409/409/409
f 410/410/410 409/409/409 411/411/411
f 412/412/412 410/410/410 411/411/411
f 412/412/412 411/411/411 413/413/413
f 414/414/414 412/412/412 413/413/413
f 414/414/414 413/413/413 415/415/415
f 416/416/416 414/414/414 415/415/415
f 416/416/416 415/415/415 417/417/417
f 418/418/418 416/416/416 417/417/417
f 418/418/418 417/417/417 419/419/419
f 420/420/420 418/418/418 419/419/419
f 420/420/420 419/419/419 421/421/421
f 422/422/422 420/420/420 421/421/421
f 422/422/422 421/421/421 423/423/423
f 424/424/424 422/422/422 423/423/423
f 424/424/424 423/423/423 425/425/425
f 426/426/426 424/424/424 425/425/425
f 426/426/426 425/425/425 427/427/427
f 428/428/428 426/426/426 427/427/427
f 428/428/428 427/427/427 429/429/429
f 430/430/430 428/428/428 429/429/429
f 430/430/430 429/429/429 431/431/431
f 432/432/432 430/430/430 431/431/431
f 432/432/432 431/431/431 433/433/433
f 434/434/434 432/432/432 433/433/433
f 434/434/434 433/433/433 435/435/435
f 436/436/436 434/434/434 435/435/435
f 436/436/436 435/435/435 437/437/437
f 438/438/438 436/436/436 437/437/437
f 438/438/438 437/437/437 439/439/439
f 440/440/440 438/438/438 439/439/439
f 440/440/440 439/439/439 441/441/441
f 442/442/442 440/440/440 441/441/441
f 442/442/442 441/441/441 443/443/443
f 444/444/444 442/442/442 443/443/443
f 444/444/444 443/443/443 445/445/445
f 446/446/446 444/444/444 445/445/445
f 446/446/446 445/445/445 447/447/447
f 448/448/448 446/446/446 447/447/447
f 448/448/448 447/447/447 449/449/449
f 450/450/450 448/448/448 449/449/449
f 450/450/450 449/449/449 451/451/451
f 452/452/452 450/450/450 451/451/451
f 452/452/452 451/451/451 453/453/453
f 454/454/454 452/452/452 453/453/453
f 454/454/454 453/453/453 455/455/455
f 456/456/456 454/454/454 455/455/455
f 456/456/456 455/455/455 457/457/457
f 458/458/458 456/456/456 457/457/457
f 458/458/458 457/457/457 459/459/459
f 460/460/460 458/458/458 459/459/459
f 460/460/460 459/459/459 461/461/461
f 462/462/462 460/460/460 461/461/461
f 462/462/462 461/461/461 463/463/463
f 464/464/464 462/462/462 463/463/463
f 464/464/464 463/463/463 465/465/465
f 466/466/466 464/464/464 465/465/465
f 466/466/466 465/465/465 467/467/467
f 468/468/468 466/466/466 467/467/467
f 468/468/468 467/467/467 469/469/469
f 470/470/470 468/468/468 469/469/469
f 470/470/470 469/469/469 471/471/471
f 472/472/472 470/470/470 471/471/471
f 472/472/472 471/471/471 473/473/473
f 474/474/474 472/472/472 473/473/473
f 474/474/474 473/473/473 475/475/475
f 476/476/476 474/474/474 475/475/475
f 476/476/476 475/475/475 477/477/477
f 478/478/478 476/476/476 477/477/477
f 478/478/478 477/477/477 479/479/479
f 480/480/480 478/478/478 479/479/479
f 480/480/480 479/479/479 481/481/481
f 482/482/482 480/480/480 481/481/481
f 482/482/482 481/481/481 483/483/483
f 484/484/484 482/482/482 483/483/483
f 484/484/484 483/483/483 485/485/485
f 486/486/486 484/484/484 485/485/485
f 486/486/486 485/485/485 487/487/487
f 488/488/488 486/486/486 487/487/487
f 488/488/488 487/487/487 489/489/489
f 490/490/490 488/488/488 489/489/489
f 490/490/490 489/489/489 491/491/491
f 492/492/492 490/490/490 491/491/491
f 492/492/492 491/491/491 493/493/493
f 494/494/494 492/492/492 493/493/493
f 494/494/494 493/493/493 495/495/495
f 496/496/496 494/494/494 495/495/495
f 496/496/496 495/495/495 497/497/497
f 498/498/498 496/496/496 497/497/497
f 498/498/498 497/497/497 499/499/499
f 500/500/500 498/498/498 499/499/499
f 500/500/500 499/499/499 501/501/501
f 502/502/502 500/500/500 501/501/501
f 502/502/502 501/501/501 503/503/503
f 504/504/504 502/502/502 503/503/503
f 504/504/504 503/503/503 505/505/505
f 506/506/506 504/504/504 505/505/505
f 506/506/506 505/505/505 507/507/507
f 508/508/508 506/506/506 507/507/507
f 508/508/508 507/507/507 509/509/509
f 510/510/510 508/508/508 509/509/509
f 510/510/510 509/509/509 511/511/511
f 512/512/512 510/510/510 511/511/511
f 512/512/512 511/511/511 513/513/513
f 514/514/514 512/512/512 513/513/513
f 514/514/514 513/513/513 515/515/515
f 516/516/516 514/514/514 515/515/515
f 516/516/516 515/515/515 517/517/517
f 518/518/518 516/516/516 517/517/517
f 518/518/518 517/517/517 519/519/519
f 520/520/520 518/518/518 519/519/519
f 520/520/520 519/519/519 521/521/521
f 522/522/522 520/520/520 521/521/521
f 522/522/522 521/521/521 523/523/523
f 524/524/524 522/522/522 523/523/523
f 524/524/524 523/523/523 525/525/525
f 526/526/526 524/524/524 525/525/525
f 526/526/526 525/525/525 527/527/527
f 528/528/528 526/526/526 527/527/527
f 528/528/528 527/527/527 529/529/529
f 530/530/530 528/528/528 529/529/529
f 530/530/530 529/529/529 531/531/531
f 532/532/532 530/530/530 531/531/531
f 532/532/532 531/531/531 533/533/533
f 534/534/534 532/532/532 533/533/533
f 534/534/534 533/533/533 535/535/535
f 536/536/536 534/534/534 535/535/535
f 536/536/536 535/535/535 537/537/537
f 538/538/538 536/536/536 537/537/537
f 538/538/538 537/537/537 539/539/539
f 540/540/540 538/538/538 539/539/539
f 540/540/540 539/539/539 541/541/541
f 542/542/542 540/540/540 541/541/541
f 542/542/542 541/541/541 543/543/543
f 544/544/544 542/542/542 543/543/543
f 544/544/544 543/543/543 545/545/545
f 546/546/546 544/544/544 545/545/545
f 546/546/546 545/545/545 547/547/547
f 548/548/548 546/546/546 547/547/547
f 548/548/548 547/547/547 549/549/549
f 550/550/550 548/548/548 549/549/549
f 550/550/550 549/549/549 551/551/551
f 552/552/552 550/550/550 551/551/551
f 552/552/552 551/551/551 553/553/553
f 554/554/554 552/552/552 553/553/553
f 554/554/554 553/553/553 555/555/555
f 556/556/556 554/554/554 555/555/555
f 556/556/556 555/555/555 557/557/557
f 558/558/558 556/556/556 557/557/557
f 558/558/558 557/557/557 559/559/559
f 560/560/560 558/558/558 559/559/559
f 560/560/560 559/559/559 561/561/561
f 562/562/562 560/560/560 561/561/561
f 562/562/562 561/561/561 563/563/563
f 564/564/564 562/562/562 563/563/563
f 564/564/564 563/563/563 565/565/565
f 566/566/566 564/564/564 565/565/565
f 566/566/566 565/565/565 567/567/567
f 568/568/568 566/566/566 567/567/567
f 568/568/568 567/567/567 569/569/569
f 570/570/570 568/568/568 569/569/569
f 570/570/570 569/569/569 571/571/571
f 572/572/572 570/570/570 571/571/571
f 572/572/572 571/571/571 573/573/573
f 574/574/574 572/572/572 573/573/573
f 574/574/574 573/573/573 575/575/575
f 576/576/576 574/574/574 575/575/575
f 576/576/576 575/575/575 577/577/577
f 578/578/578 576/576/576 577/577/577
f 578/578/578 577/577/577 579/579/579
f 580/580/580 578/578/578 579/579/579
f 580/580/580 579/579/579 581/581/581
f 582/582/582 580/580/580 581/581/581
f 582/582/582 581/581/581 583/583/583
f 584/584/584 582/582/582 583/583/583
f 584/584/584 583/583/583 585/585/585
f 586/586/586 584/584/584 585/585/585
f 586/586/586 585/585/585 587/587/587
f 588/588/588 586/586/586 587/587/587
f 588/588/588 587/587/587 589/589/589
f 590/590/590 588/588/588 589/589/589
f 590/590/590 589/589/589 591/591/591
f 592/592/592 590/590/590 591/591/591
f 592/592/592 591/591/591 593/593/593
f 594/594/594 592/592/592 593/593/593
f 594/594/594 593/593/593 595/595/595
f 596/596/596 594/594/594 595/595/595
f 596/596/596 595/595/595 597/597/597
f 598/598/598 596/596/596 597/597/597
f 598/598/598 597/597/597 599/599/599
f 600/600/600 598/598/598 599/599/599
f 600/600/600 599/599/599 601/601/601
f 602/602/602 600/600/600 601/601/601
f 602/602/602 601/601/601 603/603/603
f 604/604/604 602/602/602 603/603/603
f 604/604/604 603/603/603 605/605/605
f 606/606/606 604/604/604 605/605/605
f 606/606/606 605/605/605 607/607/607
f 608/608/608 606/606/606 607/607/607
f 608/608/608 607/607/607 609/609/609
f 610/610/610 608/608/608 609/609/609
f 610/610/610 609/609/609 611/611/611
f 612/612/612 610/610/610 611/611/611
f 612/612/612 611/611/611 613/613/613
f 614/614/614 612/612/612 613/613/613
f 614/614/614 613/613/613 615/615/615
f 616/616/616 614/614/614 615/615/615
f 616/616/616 615/615/615 617/617/617
f 618/618/618 616/616/616 617/617/617
f 618/618/618 617/617/617 619/619/619
f 620/620/620 618/618/618 619/619/619
f 620/620/620 619/619/619 621/621/621
f 622/622/622 620/620/620 621/621/621
f 622/622/622 621/621/621 623/623/623
f 624/624/624 622/622/622 623/623/623
f 624/624/624 623/623/623 625/625/625
f 626/626/626 624/624/624 625/625/625
f 626/626/626 625/625/625 627/627/627
f 628/628/628 626/626/626 627/627/627
f 628/628/628 627/627/627 629/629/629
f 630/630/630 628/628/628 629/629/629
f 630/630/630 629/629/629 631/631/631
f 632/632/632 630/630/630 631/631/631
f 632/632/632 631/631/631 633/633/633
f 634/634/634 632/632/632 633/633/633
f 634/634/634 633/633/633 635/635/635
f 636/636/636 634/634/634 635/635/635
f 636/636/636 635/635/635 637/637/637
f 638/638/638 636/636/636 637/637/637
f 638/638/638 637/637/637 639/639/639
f 640/640/640 638/638/638 639/639/639
f 640/640/640 639/639/639 641/641/641
f 642/642/642 640/640/640 641/641/641
f 642/642/642 641/641/641 643/643/643
f 644/644/644 642/642/642 643/643/643
f 644/644/644 643/643/643 645/645/645
f 646/646/646 644/644/644 645/645/645
f 646/646/646 645/645/645 647/647/647
f 648/648/648 646/646/646 647/647/647
f 648/648/648 647/647/647 649/649/649
f 650/650/650 648/648/648 649/649/649
f 650/650/650 649/649/649 651/651/651
f 652/652/652 650/650/650 651/651/651
f 652/652/652 651/651/651 653/653/653
f 654/654/654 652/652/652 653/653/653
f 654/654/654 653/653/653 655/655/655
f 656/656/656 654/654/654 655/655/655
f 656/656/656 655/655/655 657/657/657
f 658/658/658 656/656/656 657/657/657
f 658/658/658 657/657/657 659/659/659
f 660/660/660 658/658/658 659/659/659
f 660/660/660 659/659/659 661/661/661
f 662/662/662 660/660/660 661/661/661
f 662/662/662 661/661/661 663/663/663
f 664/664/664 662/662/662 663/663/663
f 664/664/664 663/663/663 665/665/665
f 666/666/666 664/664/664 665/665/665
f 666/666/666 665/665/665 667/667/667
f 668/668/668 666/666/666 667/667/667
f 668/668/668 667/667/667 669/669/669
f 670/670/670 668/668/668 669/669/669
f 670/670/670 669/669/669 671/671/671
f 672/672/672 670/670/670 671/671/671
f 672/672/672 671/671/671 673/673/673
f 674/674/674 672/672/672 673/673/673
f 674/674/674 673/673/673 675/675/675
f 676/676/676 674/674/674 675/675/675
f 676/676/676 675/675/675 677/677/677
f 678/678/678 676/676/676 677/677/677
f 678/678/678 677/677/677 679/679/679
f 680/680/680 678/678/678 679/679/679
f 680/680/680 679/679/679 681/681/681
f 682/682/682 680/680/680 681/681/681
f 682/682/682 681/681/681 683/683/683
f 684/684/684 682/682/682 683/683/683
f 684/684/684 683/683/683 685/685/685
f 686/686/686 684/684/684 685/685/685
f 686/686/686 685/685/685 687/687/687
f 688/688/688 686/686/686 687/687/687
f 688/688/688 687/687/687 689/689/689
f 690/690/690 688/688/688 689/689/689
f 690/690/690 689/689/689 691/691/691
f 692/692/692 690/690/690 691/691/691
f 692/692/692 691/691/691 693/693/693
f 694/694/694 692/692/692 693/693/693
f 694/694/694 693/693/693 695/695/695
f 696/696/696 694/694/694 695/695/695
f 696/696/696 695/695/695 697/697/697
f 698/698/698 696/696/696 697/697/697
f 698/698/698 697/697/697 699/699/699
f 700/700/700 698/698/698 699/699/699
f 700/700/700 699/699/699 701/701/701
f 702/702/702 700/700/700 701/701/701
f 702/702/702 701/701/701 703/703/703
f 704/704/704 702/702/702 703/703/703
f 704/704/704 703/703/703 705/705/705
f 706/706/706 704/704/704 705/705/705
f 706/706/706 705/705/705 707/707/707
f 708/708/708 706/706/706 707/707/707
f 708/708/708 707/707/707 709/709/709
f 710/710/710 708/708/708 709/709/709
f 710/710/710 709/709/709 711/711/711
f 712/712/712 710/710/710 711/711/711
f 712/712/712 711/711/711 713/713/713
f 714/714/714 712/712/712 713/713/713
f 714/714/714 713/713/713 715/715/715
f 716/716/716 714/714/714 715/715/715
f 716/716/716 715/715/715 717/717/717
f 718/718/718 716/716/716 717/717/717
f 718/718/718 717/717/717 719/719/719
f 720/720/720 718/718/718 719/719/719
f 720/720/720 719/719/719 721/721/721
f 722/722/722 720/720/720 721/721/721
f 722/722/722 721/721/721 723/723/723
f 724/724/724 722/722/722 723/723/723
f 724/724/724 723/723/723 725/725/725
f 726/726/726 724/724/724 725/725/725
f 726/726/726 725/725/725 727/727/727
f 728/728/728 726/726/726 727/727/727
f 728/728/728 727/727/727 729/729/729
f 730/730/730 728/728/728 729/729/729
f 730/730/730 729/729/729 731/731/731
f 732/732/732 730/730/730 731/731/731
f 732/732/732 731/731/731 733/733/733
f 734/734/734 732/732/732 733/733/733
f 734/734/734 733/733/733 735/735/735
f 736/736/736 734/734/734 735/735/735
f 736/736/736 735/735/735 737/737/737
f 738/738/738 736/736/736 737/737/737
f 738/738/738 737/737/737 739/739/739
f 740/740/740 738/738/738 739/739/739
f 740/740/740 739/739/739 741/741/741
f 742/742/742 740/740/740 741/741/741
f 742/742/742 741/741/741 743/743/743
f 744/744/744 742/742/742 743/743/743
f 744/744/744 743/743/743 745/745/745
f 746/746/746 744/744/744 745/745/745
f 746/746/746 745/745/745 747/747/747
f 748/748/748 746/746/746 747/747/747
f 748/748/748 747/747/747 749/749/749
f 750/750/750 748/748/748 749/749/749
f 750/750/750 749/749/749 751/751/751
f 752/752/752 750/750/750 751/751/751
f 752/752/752 751/751/751 753/753/753
f 754/754/754 752/752/752 753/753/753
f 754/754/754 753/753/753 755/755/755
f 756/756/756 754/754/754 755/755/755
f 756/756/756 755/755/755 757/757/757
f 758/758/758 756/756/756 757/757/757
f 758/758/758 757/757/757 759/759/759
f 760/760/760 758/758/758 759/759/759
f 760/760/760 759/759/759 761/761/761
f 762/762/762 760/760/760 761/761/761
f 762/762/762 761/761/761 763/763/763
f 764/764/764 762/762/762 763/763/763
f 764/764/764 763/763/763 765/765/765
f 766/766/766 764/764/764 765/765/765
f 766/766/766 765/765/765 767/767/767
f 768/768/768 766/766/766 767/767/767
f 768/768/768 767/767/767 769/769/769
f 770/770/770 768/768/768 769/769/769
f 770/770/770 769/769/769 771/771/771
f 772/772/772 770/770/770 771/771/771
f 772/772/772 771/771/771 773/773/773
f 774/774/774 772/772/772 773/773/773
f 774/774/774 773/773/773 775/775/775
f 776/776/776 774/774/774 775/775/775
f 776/776/776 775/775/775 777/777/777
f 778/778/778 776/776/776 777/777/777
f 778/778/778 777/777/777 779/779/779
f 780/780/780 778/778/778 779/779/779
f 780/780/780 779/779/779 781/781/781
f 782/782/782 780/780/780 781/781/781
f 782/782/782 781/781/781 783/783/783
f 784/784/784 782/782/782 783/783/783
f 784/784/784 783/783/783 785/785/785
f 786/786/786 784/784/784 785/785/785
f 786/786/786 785/785/785 787/787/787
f 788/788/788 786/786/786 787/787/787
f 788/788/788 787/787/787 789/789/789
f 790/790/790 788/788/788 789/789/789
f 790/790/790 789/789/789 791/791/791
f 792/792/792 790/790/790 791/791/791
f 792/792/792 791/791/791 793/793/793
f 794/794/794 792/792/792 793/793/793
f 794/794/794 793/793/793 795/795/795
f 796/796/796 794/794/794 795/795/795
f 796/796/796 795/795/795 797/797/797
f 798/798/798 796/796/796 797/797/797
f 798/798/798 797/797/797 799/799/799
f 800/800/800 798/798/798 799/799/799
f 800/800/800 799/799/799 801/801/801
f 802/802/802 800/800/800 801/801/801
f 802/802/802 801/801/801 803/803/803
f 804/804/804 802/802/802 803/803/803
f 804/804/804 803/803/803 805/805/805
f 806/806/806 804/804/804 805/805/805
f 806/806/806 805/805/805 807/807/807
f 808/808/808 806/806/806 807/807/807
f 808/808/808 807/807/807 809/809/809
f 810/810/810 808/808/808 809/809/809
f 810/810/810 809/809/809 811/811/811
f 812/812/812 810/810/810 811/811/811
f 812/812/812 811/811/811 813/813/813
f 814/814/814 812/812/812 813/813/813
f 814/814/814 813/813/813 815/815/815
f 816/816/816 814/814/814 815/815/815
f 816/816/816 815/815/815 817/817/817
f 818/818/818 816/816/816 817/817/817
f 818/818/818 817/817/817 819/819/819
f 820/820/820 818/818/818 819/819/819
f 820/820/820 819/819/819 821/821/821
f 822/822/822 820/820/820 821/821/821
f 822/822/822 821/821/821 823/823/823
f 824/824/824 822/822/822 823/823/823
f 824/824/824 823/823/823 825/825/825
f 826/826/826 824/824/824 825/825/825
f 826/826/826 825/825/825 827/827/827
f 828/828/828 826/826/826 827/827/827
f 828/828/828 827/827/827 829/829/829
f 830/830/830 828/828/828 829/829/829
f 830/830/830 829/829/829 831/831/831
f 832/832/832 830/830/830 831/831/831
f 832/832/832 831/831/831 833/833/833
f 834/834/834 832/832/832 833/833/833
f 834/834/834 833/833/833 835/835/835
f 836/836/836 834/834/834 835/835/835
f 836/836/836 835/835/835 837/837/837
f 838/838/838 836/836/836 837/837/837
f 838/838/838 837/837/837 839/839/839
f 840/840/840 838/838/838 839/839/839
f 840/840/840 839/839/839 841/841/841
f 842/842/842 840/840/840 841/841/841
f 842/842/842 841/841/841 843/843/843
f 844/844/844 842/842/842 843/843/843
f 844/844/844 843/843/843 845/845/845
f 846/846/846 844/844/844 845/845/845
f 846/846/846 845/845/845 847/847/847
f 848/848/848 846/846/846 847/847/847
f 848/848/848 847/847/847 849/849/849
f 850/850/850 848/848/848 849/849/849
f 850/850/850 849/849/849 851/851/851
f 852/852/852 850/850/850 851/851/851
f 852/852/852 851/851/851 853/853/853
f 854/854/854 852/852/852 853/853/853
f 854/854/854 853/853/853 855/855/855
f 856/856/856 854/854/854 855/855/855
f 856/856/856 855/855/855 857/857/857
f 858/858/858 856/856/856 857/857/857
f 858/858/858 857/857/857 859/859/859
f 860/860/860 858/858/858 859/859/859
f 860/860/860 859/859/859 861/861/861
f 862/862/862 860/860/860 861/861/861
f 862/862/862 861/861/861 863/863/863
f 864/864/864 862/862/862 863/863/863
f 864/864/864 863/863/863 865/865/865
f 866/866/866 864/864/864 865/865/865
f 866/866/866 865/865/865 867/867/867
f 868/868/868 866/866/866 867/867/867
f 868/868/868 867/867/867 869/869/869
f 870/870/870 868/868/868 869/869/869
f 870/870/870 869/869/869 871/871/871
f 872/872/872 870/870/870 871/871/871
f 872/872/872 871/871/871 873/873/873
f 874/874/874 872/872/872 873/873/873
f 874/874/874 873/873/873 875/875/875
f 876/876/876 874/874/874 875/875/875
f 876/876/876 875/875/875 877/877/877
f 878/878/878 876/876/876 877/877/877
f 878/878/878 877/877/877 879/879/879
f 880/880/880 878/878/878 879/879/879
f 880/880/880 879/879/879 881/881/881
f 882/882/882 880/880/880 881/881/881
f 882/882/882 881/881/881 883/883/883
f 884/884/884 882/882/882 883/883/883
f 884/884/884 883/883/883 885/885/885
f 886/886/886 884/884/884 885/885/885
f 886/886/886 885/885/885 887/887/887
f 888/888/888 886/886/886 887/887/887
f 888/888/888 887/887/887 889/889/889
f 890/890/890 888/888/888 889/889/889
f 890/890/890 889/889/889 891/891/891
f 892/892/892 890/890/890 891/891/891
f 892/892/892 891/891/891 893/893/893
f 894/894/894 892/892/892 893/893/893
f 894/894/894 893/893/893 895/895/895
f 896/896/896 894/894/894 895/895/895
f 896/896/896 895/895/895 897/897/897
f 898/898/898 896/896/896 897/897/897
f 898/898/898 897/897/897 899/899/899
f 900/900/900 898/898/898 899/899/899
f 900/900/900 899/899/899 901/901/901
f 902/902/902 900/900/900 901/901/901
f 902/902/902 901/901/901 903/903/903
f 904/904/904 902/902/902 903/903/903
f 904/904/904 903/903/903 905/905/905
f 906/906/906 904/904/904 905/905/905
f 906/906/906 905/905/905 907/907/907
f 908/908/908 906/906/906 907/907/907
f 908/908/908 907/907/907 909/909/909
f 910/910/910 908/908/908 909/909/909
f 910/910/910 909/909/909 911/911/911
f 912/912/912 910/910/910 911/911/911
f 912/912/912 911/911/911 913/913/913
f 914/914/914 912/912/912 913/913/913
f 914/914/914 913/913/913 915/915/915
f 916/916/916 914/914/914 915/915/915
f 916/916/916 915/915/915 917/917/917
f 918/918/918 916/916/916 917/917/917
f 918/918/918 917/917/917 919/919/919
f 920/920/920 918/918/918 919/919/919
f 920/920/920 919/919/919 921/921/921
f 922/922/922 920/920/920 921/921/921
f 922/922/922 921/921/921 923/923/923
f 924/924/924 922/922/922 923/923/923
f 924/924/924 923/923/923 925/925/925
f 926/926/926 924/924/924 925/925/925
f 926/926/926 925/925/925 927/927/927
f 928/928/928 926/926/926 927/927/927
f 928/928/928 927/927/927 929/929/929
f 930/930/930 928/928/928 929/929/929
f 930/930/930 929/929/929 931/931/931
f 932/932/932 930/930/930 931/931/931
f 932/932/932 931/931/931 933/933/933
f 934/934/934 932/932/932 933/933/933
f 934/934/934 933/933/933 935/935/935
f 936/936/936 934/934/934 935/935/935
f 936/936/936 935/935/935 937/937/937
f 938/938/938 936/936/936 937/937/937
f 938/938/938 937/937/937 939/939/939
f 940/940/940 938/938/938 939/939/939
f 940/940/940 939/939/939 941/941/941
f 942/942/942 940/940/940 941/941/941
f 942/942/942 941/941/941 943/943/943
f 944/944/944 942/942/942 943/943/943
f 944/944/944 943/943/943 945/945/945
f 946/946/946 944/944/944 945/945/945
f 946/946/946 945/945/945 947/947/947
f 948/948/948 946/946/946 947/947/947
f 948/948/948 947/947/947 949/949/949
f 950/950/950 948/948/948 949/949/949
f 950/950/950 949/949/949 951/951/951
f 952/952/952 950/950/950 951/951/951
f 952/952/952 951/951/951 953/953/953
f 954/954/954 952/952/952 953/953/953
f 954/954/954 953/953/953 955/955/955
f 956/956/956 954/954/954 955/955/955
f 956/956/956 955/955/955 957/957/957
f 958/958/958 956/956/956 957/957/957
f 958/958/958 957/957/957 959/959/959
f 960/960/960 958/958/958 959/959/959
f 960/960/960 959/959/959 961/961/961
f 962/962/962 960/960/960 961/961/961
f 962/962/962 961/961/961 963/963/963
f 964/964/964 962/962/962 963/963/963
f 964/964/964 963/963/963 965/965/965
f 966/966/966 964/964/964 965/965/965
f 966/966/966 965/965/965 967/967/967
f 968/968/968 966/966/966 967/967/967
f 968/968/968 967/967/967 969/969/969
f 970/970/970 968/968/968 969/969/969
f 970/970/970 969/969/969 971/971/971
f 972/972/972 970/970/970 971/971/971
f 972/972/972 971/971/971 973/973/973
f 974/974/974 972/972/972 973/973/973
f 974/974/974 973/973/973 975/975/975
f 976/976/976 974/974/974 975/975/975
f 976/976/976 975/975/975 977/977/977
f 978/978/978 976/976/976 977/977/977
f 978/978/978 977/977/977 979/979/979
f 980/980/980 978/978/978 979/979/979
f 980/980/980 979/979/979 981/981/981
f 982/982/982 980/980/980 981/981/981
f 982/982/982 981/981/981 983/983/983
f 984/984/984 982/982/982 983/983/983
f 984/984/984 983/983/983 985/985/985
f 986/986/986 984/984/984 985/985/985
f 986/986/986 985/985/985 987/987/987
f 988/988/988 986/986/986 987/987/987
f 988/988/988 987/987/987 989/989/989
f 990/990/990 988/988/988 989/989/989
f 990/990/990 989/989/989 991/991/991
f 992/992/992 990/990/990 991/991/991
f 992/992/992 991/991/991 993/993/993
f 994/994/994 992/992/992 993/993/993
f 994/994/994 993/993/993 995/995/995
f 996/996/996 994/994/994 995/995/995
f 996/996/996 995/995/995 997/997/997
f 998/998/998 996/996/996 997/997/997
f 998/998/998 997/997/997 999/999/999
f 1000/1000/1000 998/998/998 999/999/999
f 1000/1000/1000 999/999/999 1001/1001/1001
f 1002/1002/1002 1000/1000/1000 1001/1001/1001
f 1002/1002/1002 1001/1001/1001 1003/1003/1003
f 1004/1004/1004 1002/1002/1002 1003/1003/1003
f 1004/1004/1004 1003/1003/1003 1005/1005/1005
f 1006/1006/1006 1004/1004/1004 1005/1005/1005
f 1006/1006/1006 1005/1005/1005 1007/1007/1007
f 1008/1008/1008 1006/1006/1006 1007/1007/1007
f 1008/1008/1008 1007/1007/1007 1009/1009/1009
f 1010/1010/1010 1008/1008/1008 1009/1009/1009
f 1010/1010/1010 1009/1009/1009 1011/1011/1011
f 1012/1012/1012 1010/1010/1010 1011/1011/1011
f 1012/1012/1012 1011/1011/1011 1013/1013/1013
f 1014/1014/1014 1012/1012/1012 1013/1013/1013
f 1014/1014/1014 1013/1013/1013 1015/1015/1015
f 1016/1016/1016 1014/1014/1014 1015/1015/1015
f 1016/1016/1016 1015/1015/1015 1017/1017/1017
f 1018/1018/1018 1016/1016/1016 1017/1017/1017
f 1018/1018/1018 1017/1017/1017 1019/1019/1019
f 1020/1020/1020 1018/1018/1018 1019/1019/1019
f 1020/1020/1020 1019/1019/1019 1021/1021/1021
f 1022/1022/1022 1020/1020/1020 1021/1021/1021
f 1022/1022/1022 1021/1021/1021 1023/1023/1023
f 1024/1024/1024 1022/1022/1022 1023/1023/1023
f 1024/1024/1024 1023/1023/1023 1025/1025/1025
f 1026/1026/1026 1024/1024/1024 1025/1025/1025
f 1026/1026/1026 1025/1025/1025 1027/1027/1027
f 1028/1028/1028 1026/1026/1026 1027/1027/1027
f 1028/1028/1028 1027/1027/1027 1029/1029/1029
f 1030/1030/1030 1028/1028/1028 1029/1029/1029
f 1030/1030/1030 1029/1029/1029 1031/1031/1031
f 1032/1032/1032 1030/1030/1030 1031/1031/1031
f 1032/1032/1032 1031/1031/1031 1033/1033/1033
f 1034/1034/1034 1032/1032/1032 1033/1033/1033
f 1034/1034/1034 1033/1033/1033 1035/1035/1035
f 1036/1036/1036 1034/1034/1034 1035/1035/1035
f 1036/1036/1036 1035/1035/1035 1037/1037/1037
f 1038/1038/1038 1036/1036/1036 1037/1037/1037
f 1038/1038/1038 1037/1037/1037 1039/1039/1039
f 1040/1040/1040 1038/1038/1038 1039/1039/1039
f 1040/1040/1040 1039/1039/1039 1041/1041/1041
f 1042/1042/1042 1040/1040/1040 1041/1041/1041
f 1042/1042/1042 1041/1041/1041 1043/1043/1043
f 1044/1044/1044 1042/1042/1042 1043/1043/1043
f 1044/1044/1044 1043/1043/1043 1045/1045/1045
f 1046/1046/1046 1044/1044/1044 1045/1045/1045
f 1046/1046/1046 1045/1045/1045 1047/1047/1047
f 1048/1048/1048 1046/1046/1046 1047/1047/1047
f 1048/1048/1048 1047/1047/1047 1049/1049/1049
f 1050/1050/1050 1048/1048/1048 1049/1049/1049
f 1050/1050/1050 1049/1049/1049 1051/1051/1051
f 1052/1052/1052 1050/1050/1050 1051/1051/1051
f 1052/1052/1052 1051/1051/1051 1053/1053/1053
f 1054/1054/1054 1052/1052/1052 1053/1053/1053
f 1054/1054/1054 1053/1053/1053 1055/1055/1055
f 1056/1056/1056 1054/1054/1054 1055/1055/1055
f 1056/1056/1056 1055/1055/1055 1057/1057/1057
f 1058/1058/1058 1056/1056/1056 1057/1057/1057
f 1058/1058/1058 1057/1057/1057 1059/1059/1059
f 1060/1060/1060 1058/1058/1058 1059/1059/1059
f 1060/1060/1060 1059/1059/1059 1061/1061/1061
f 1062/1062/1062 1060/1060/1060 1061/1061/1061
f 1062/1062/1062 1061/1061/1061 1063/1063/1063
f 1064/1064/1064 1062/1062/1062 1063/1063/1063
f 1064/1064/1064 1063/1063/1063 1065/1065/1065
f 1066/1066/1066 1064/1064/1064 1065/1065/1065
f 1066/1066/1066 1065/1065/1065 1067/1067/1067
f 1068/1068/1068 1066/1066/1066 1067/1067/1067
f 1068/1068/1068 1067/1067/1067 1069/1069/1069
f 1070/1070/1070 1068/1068/1068 1069/1069/1069
f 1070/1070/1070 1069/1069/1069 1071/1071/1071
f 1072/1072/1072 1070/1070/1070 1071/1071/1071
f 1072/1072/1072 1071/1071/1071 1073/1073/1073
f 1074/1074/1074 1072/1072/1072 1073/1073/1073
f 1074/1074/1074 1073/1073/1073 1075/1075/1075
f 1076/1076/1076 1074/1074/1074 1075/1075/1075
f 1076/1076/1076 1075/1075/1075 1077/1077/1077
f 1078/1078/1078 1076/1076/1076 1077/1077/1077
f 1078/1078/1078 1077/1077/1077 1079/1079/1079
f 1080/1080/1080 1078/1078/1078 1079/1079/1079
f 1080/1080/1080 1079/1079/1079 1081/1081/1081
f 1082/1082/1082 1080/1080/1080 1081/1081/1081
f 1082/1082/1082 1081/1081/1081 1083/1083/1083
f 1084/1084/1084 1082/1082/1082 1083/1083/1083
f 1084/1084/1084 1083/1083/1083 1085/1085/1085
f 1086/1086/1086 1084/1084/1084 1085/1085/1085
f 1086/1086/1086 1085/1085/1085 1087/1087/1087
f 1088/1088/1088 1086/1086/1086 1087/1087/1087
f 1088/1088/1088 1087/1087/1087 1089/1089/1089
f 1090/1090/1090 1088/1088/1088 1089/1089/1089
f 1090/1090/1090 1089/1089/1089 1091/1091/1091
f 1092/1092/1092 1090/1090/1090 1091/1091/1091
f 1092/1092/1092 1091/1091/1091 1093/1093/1093
f 1094/1094/1094 1092/1092/1092 1093/1093/1093
f 1094/1094/1094 1093/1093/1093 1095/1095/1095
f 1096/1096/1096 1094/1094/1094 1095/1095/1095
f 1096/1096/1096 1095/1095/1095 1097/1097/1097
f 1098/1098/1098 1096/1096/1096 1097/1097/1097
f 1098/1098/1098 1097/1097/1097 1099/1099/1099
f 1100/1100/1100 1098/1098/1098 1099/1099/1099
f 1100/1100/1100 1099/1099/1099 1101/1101/1101
f 1102/1102/1102 1100/1100/1100 1101/1101/1101
f 1102/1102/1102 1101/1101/1101 1103/1103/1103
f 1104/1104/1104 1102/1102/1102 1103/1103/1103
f 1104/1104/1104 1103/1103/1103 1105/1105/1105
f 1106/1106/1106 1104/1104/1104 1105/1105/1105
f 1106/1106/1106 1105/1105/1105 1107/1107/1107
f 1108/1108/1108 1106/1106/1106 1107/1107/1107
f 1108/1108/1108 1107/1107/1107 1109/1109/1109
f 1110/1110/1110 1108/1108/1108 1109/1109/1109
f 1110/1110/1110 1109/1109/1109 1111/1111/1111
f 1112/1112/1112 1110/1110/1110 1111/1111/1111
f 1112/1112/1112 1111/1111/1111 1113/1113/1113
f 1114/1114/1114 1112/1112/1112 1113/1113/1113
f 1114/1114/1114 1113/1113/1113 1115/1115/1115
f 1116/1116/1116 1114/1114/1114 1115/1115/1115
f 1116/1116/1116 1115/1115/1115 1117/1117/1117
f 1118/1118/1118 1116/1116/1116 1117/1117/1117
f 1118/1118/1118 1117/1117/1117 1119/1119/1119
f 1120/1120/1120 1118/1118/1118 1119/1119/1119
f 1120/1120/1120 1119/1119/1119 1121/1121/1121
f 1122/1122/1122 1120/1120/1120 1121/1121/1121
f 1122/1122/1122 1121/1121/1121 1123/1123/1123
f 1124/1124/1124 1122/1122/1122 1123/1123/1123
f 1124/1124/1124 1123/1123/1123 1125/1125/1125
f 1126/1126/1126 1124/1124/1124 1125/1125/1125
f 1126/1126/1126 1125/1125/1125 1127/1127/1127
f 1128/1128/1128 1126/1126/1126 1127/1127/1127
f 1128/1128/1128 1127/1127/1127 1129/1129/1129
f 1130/1130/1130 1128/1128/1128 1129/1129/1129
f 1130/1130/1130 1129/1129/1129 1131/1131/1131
f 1132/1132/1132 1130/1130/1130 1131/1131/1131
f 1132/1132/1132 1131/1131/1131 1133/1133/1133
f 1134/1134/1134 1132/1132/1132 1133/1133/1133
f 1134/1134/1134 1133/1133/1133 1135/1135/1135
f 1136/1136/1136 1134/1134/1134 1135/1135/1135
f 1136/1136/1136 1135/1135/1135 1137/1137/1137
f 1138/1138/1138 1136/1136/1136 1137/1137/1137
f 1138/1138/1138 1137/1137/1137 1139/1139/1139
f 1140/1140/1140 1138/1138/1138 1139/1139/1139
f 1140/1140/1140 1139/1139/1139 1141/1141/1141
f 1142/1142/1142 1140/1140/1140 1141/1141/1141
f 1142/1142/1142 1141/1141/1141 1143/1143/1143
f 1144/1144/1144 1142/1142/1142 1143/1143/1143
f 1144/1144/1144 1143/1143/1143 1145/1145/1145
f 1146/1146/1146 1144/1144/1144 1145/1145/1145
f 1146/1146/1146 1145/1145/1145 1147/1147/1147
f 1148/1148/1148 1146/1146/1146 1147/1147/1147
f 1148/1148/1148 1147/1147/1147 1149/1149/1149
f 1150/1150/1150 1148/1148/1148 1149/1149/1149
f 1150/1150/1150 1149/1149/1149 1151/1151/1151
f 1152/1152/1152 1150/1150/1150 1151/1151/1151
f 1152/1152/1152 1151/1151/1151 1153/1153/1153
f 1154/1154/1154 1152/1152/1152 1153/1153/1153
f 1154/1154/1154 1153/1153/1153 1155/1155/1155
f 1156/1156/1156 1154/1154/1154 1155/1155/1155
f 1156/1156/1156 1155/1155/1155 1157/1157/1157
f 1158/1158/1158 1156/1156/1156 1157/1157/1157
f 1158/1158/1158 1157/1157/1157 1159/1159/1159
f 1160/1160/1160 1158/1158/1158 1159/1159/1159
f 1160/1160/1160 1159/1159/1159 1161/1161/1161
f 1162/1162/1162 1160/1160/1160 1161/1161/1161
f 1162/1162/1162 1161/1161/1161 1163/1163/1163
f 1164/1164/1164 1162/1162/1162 1163/1163/1163
f 1164/1164/1164 1163/1163/1163 1165/1165/1165
f 1166/1166/1166 1164/1164/1164 1165/1165/1165
f 1166/1166/1166 1165/1165/1165 1167/1167/1167
f 1168/1168/1168 1166/1166/1166 1167/1167/1167
f 1168/1168/1168 1167/1167/1167 1169/1169/1169
f 1170/1170/1170 1168/1168/1168 1169/1169/1169
f 1170/1170/1170 1169/1169/1169 1171/1171/1171
f 1172/1172/1172 1170/1170/1170 1171/1171/1171
f 1172/1172/1172 1171/1171/1171 1173/1173/1173
f 1174/1174/1174 1172/1172/1172 1173/1173/1173
f 1174/1174/1174 1173/1173/1173 1175/1175/1175
f 1176/1176/1176 1174/1174/1174 1175/1175/1175
f 1176/1176/1176 1175/1175/1175 1177/1177/1177
f 1178/1178/1178 1176/1176/1176 1177/1177/1177
f 1178/1178/1178 1177/1177/1177 1179/1179/1179
f 1180/1180/1180 1178/1178/1178 1179/1179/1179
f 1180/1180/1180 1179/1179/1179 1181/1181/1181
f 1182/1182/1182 1180/1180/1180 1181/1181/1181
f 1182/1182/1182 1181/1181/1181 1183/1183/1183
f 1184/1184/1184 1182/1182/1182 1183/1183/1183
f 1184/1184/1184 1183/1183/1183 1185/1185/1185
f 1186/1186/1186 1184/1184/1184 1185/1185/1185
f 1186/1186/1186 1185/1185/1185 1187/1187/1187
f 1188/1188/1188 1186/1186/1186 1187/1187/1187
f 1188/1188/1188 1187/1187/1187 1189/1189/1189
f 1190/1190/1190 1188/1188/1188 1189/1189/1189
f 1190/1190/1190 1189/1189/1189 1191/1191/1191
f 1192/1192/1192 1190/1190/1190 1191/1191/1191
f 1192/1192/1192 1191/1191/1191 1193/1193/1193
f 1194/1194/1194 1192/1192/1192 1193/1193/1193
f 1194/1194/1194 1193/1193/1193 1195/1195/1195
f 1196/1196/1196 1194/1194/1194 1195/1195/1195
f 1196/1196/1196 1195/1195/1195 1197/1197/1197
f 1198/1198/1198 1196/1196/1196 1197/1197/1197
f 1198/1198/1198 1197/1197/1197 1199/1199/1199
f 1200/1200/1200 1198/1198/1198 1199/1199/1199
f 1200/1200/1200 1199/1199/1199 1201/1201/1201
f 1202/1202/1202 1200/1200/1200 1201/1201/1201
f 1202/1202/1202 1201/1201/1201 1203/1203/1203
f 1204/1204/1204 1202/1202/1202 1203/1203/1203
f 1204/1204/1204 1203/1203/1203 1205/1205/1205
f 1206/1206/1206 1204/1204/1204 1205/1205/1205
f 1206/1206/1206 1205/1205/1205 1207/1207/1207
f 1208/1208/1208 1206/1206/1206 1207/1207/1207
f 1208/1208/1208 1207/1207/1207 1209/1209/1209
f 1210/1210/1210 1208/1208/1208 1209/1209/1209
f 1210/1210/1210 1209/1209/1209 1211/1211/1211
f 1212/1212/1212 1210/1210/1210 1211/1211/1211
f 1212/1212/1212 1211/1211/1211 1213/1213/1213
f 1214/1214/1214 1212/1212/1212 1213/1213/1213
f 1214/1214/1214 1213/1213/1213 1215/1215/1215
f 1216/1216/1216 1214/1214/1214 1215/1215/1215
f 1216/1216/1216 1215/1215/1215 1217/1217/1217
f 1218/1218/1218 1216/1216/1216 1217/1217/1217
f 1218/1218/1218 1217/1217/1217 1219/1219/1219
f 1220/1220/1220 1218/1218/1218 1219/1219/1219
f 1220/1220/1220 1219/1219/1219 1221/1221/1221
f 1222/1222/1222 1220/1220/1220 1221/1221/1221
f 1222/1222/1222 1221/1221/1221 1223/1223/1223
f 1224/1224/1224 1222/1222/1222 1223/1223/1223
f 1224/1224/1224 1223/1223/1223 1225/1225/1225
f 1226/1226/1226 1224/1224/1224 1225/1225/1225
f 1226/1226/1226 1225/1225/1225 1227/1227/1227
f 1228/1228/1228 1226/1226/1226 1227/1227/1227
f 1228/1228/1228 1227/1227/1227 1229/1229/1229
f 1230/1230/1230 1228/1228/1228 1229/1229/1229
f 1230/1230/1230 1229/1229/1229 1231/1231/1231
f 1232/1232/1232 1230/1230/1230 1231/1231/1231
f 1232/1232/1232 1231/1231/1231 1233/1233/1233
f 1234/1234/1234 1232/1232/1232 1233/1233/1233
f 1234/1234/1234 1233/1233/1233 1235/1235/1235
f 1236/1236/1236 1234/1234/1234 1235/1235/1235
f 1236/1236/1236 1235/1235/1235 1237/1237/1237
f 1238/1238/1238 1236/1236/1236 1237/1237/1237
f 1238/1238/1238 1237/1237/1237 1239/1239/1239
f 1240/1240/1240 1238/1238/1238 1239/1239/1239
f 1240/1240/1240 1239/1239/1239 1241/1241/1241
f 1242/1242/1242 1240/1240/1240 1241/1241/1241
f 1242/1242/1242 1241/1241/1241 1243/1243/1243
f 1244/1244/1244 1242/1242/1242 1243/1243/1243
f 1244/1244/1244 1243/1243/1243 1245/1245/1245
f 1246/1246/1246 1244/1244/1244 1245/1245/1245
f 1246/1246/1246 1245/1245/1245 1247/1247/1247
f 1248/1248/1248 1246/1246/1246 1247/1247/1247
f 1248/1248/1248 1247/1247/1247 1249/1249/1249
f 1250/1250/1250 1248/1248/1248 1249/1249/1249
f 1250/1250/1250 1249/1249/1249 1251/1251/1251
f 1252/1252/1252 1250/1250/1250 1251/1251/1251
f 1252/1252/1252 1251/1251/1251 1253/1253/1253
f 1254/1254/1254 1252/1252/1252 1253/1253/1253
f 1254/1254/1254 1253/1253/1253 1255/1255/1255
f 1256/1256/1256 1254/1254/1254 1255/1255/1255
f 1256/1256/1256 1255/1255/1255 1257/1257/1257
f 1258/1258/1258 1256/1256/1256 1257/1257/1257
f 1258/1258/1258 1257/1257/1257 1259/1259/1259
f 1260/1260/1260 1258/1258/1258 1259/1259/1259
f 1260/1260/1260 1259/1259/1259 1261/1261/1261
f 1262/1262/1262 1260/1260/1260 1261/1261/1261
f 1262/1262/1262 1261/1261/1261 1263/1263/1263
f 1264/1264/1264 1262/1262/1262 1263/1263/1263
f 1264/1264/1264 1263/1263/1263 1265/1265/1265
f 1266/1266/1266 1264/1264/1264 1265/1265/1265
f 1266/1266/1266 1265/1265/1265 1267/1267/1267
f 1268/1268/1268 1266/1266/1266 1267/1267/1267
f 1268/1268/1268 1267/1267/1267 1269/1269/1269
f 1270/1270/1270 1268/1268/1268 1269/1269/1269
f 1270/1270/1270 1269/1269/1269 1271/1271/1271
f 1272/1272/1272 1270/1270/1270 1271/1271/1271
f 1272/1272/1272 1271/1271/1271 1273/1273/1273
f 1274/1274/1274 1272/1272/1272 1273/1273/1273
f 1274/1274/1274 1273/1273/1273 1275/1275/1275
f 1276/1276/1276 1274/1274/1274 1275/1275/1275
f 1276/1276/1276 1275/1275/1275 1277/1277/1277
f 1278/1278/1278 1276/1276/1276 1277/1277/1277
f 1278/1278/1278 1277/1277/1277 1279/1279/1279
f 1280/1280/1280 1278/1278/1278 1279/1279/1279
f 1280/1280/1280 1279/1279/1279 1281/1281/1281
f 1282/1282/1282 1280/1280/1280 1281/1281/1281
f 1282/1282/1282 1281/1281/1281 1283/1283/1283
f 1284/1284/1284 1282/1282/1282 1283/1283/1283
f 1284/1284/1284 1283/1283/1283 1285/1285/1285
f 1286/1286/1286 1284/1284/1284 1285/1285/1285
f 1286/1286/1286 1285/1285/1285 1287/1287/1287
f 1288/1288/1288 1286/1286/1286 1287/1287/1287
f 1288/1288/1288 1287/1287/1287 1289/1289/1289
f 1290/1290/1290 1288/1288/1288 1289/1289/1289
f 1290/1290/1290 1289/1289/1289 1291/1291/1291
f 1292/1292/1292 1290/1290/1290 1291/1291/1291
f 1292/1292/1292 1291/1291/1291 1293/1293/1293
f 1294/1294/1294 1292/1292/1292 1293/1293/1293
f 1294/1294/1294 1293/1293/1293 1295/1295/1295
f 1296/1296/1296 1294/1294/1294 1295/1295/1295
f 1296/1296/1296 1295/1295/1295 1297/1297/1297
f 1298/1298/1298 1296/1296/1296 1297/1297/1297
f 1298/1298/1298 1297/1297/1297 1299/1299/1299
f 1300/1300/1300 1298/1298/1298 1299/1299/1299
f 1300/1300/1300 1299/1299/1299 1301/1301/1301
f 1302/1302/1302 1300/1300/1300 1301/1301/1301
f 1302/1302/1302 1301/1301/1301 1303/1303/1303
f 1304/1304/1304 1302/1302/1302 1303/1303/1303
f 1304/1304/1304 1303/1303/1303 1305/1305/1305
f 1306/1306/1306 1304/1304/1304 1305/1305/1305
f 1306/1306/1306 1305/1305/1305 1307/1307/1307
f 1308/1308/1308 1306/1306/1306 1307/1307/1307
f 1308/1308/1308 1307/1307/1307 1309/1309/1309
f 1310/1310/1310 1308/1308/1308 1309/1309/1309
f 1310/1310/1310 1309/1309/1309 1311/1311/1311
f 1312/1312/1312 1310/1310/1310 1311/1311/1311
f 1312/1312/1312 1311/1311/1311 1313/1313/1313
f 1314/1314/1314 1312/1312/1312 1313/1313/1313
f 1314/1314/1314 1313/1313/1313 1315/1315/1315
f 1316/1316/1316 1314/1314/1314 1315/1315/1315
f 1316/1316/1316 1315/1315/1315 1317/1317/1317
f 1318/1318/1318 1316/1316/1316 1317/1317/1317
f 1318/1318/1318 1317/1317/1317 1319/1319/1319
f 1320/1320/1320 1318/1318/1318 1319/1319/1319
f 1320/1320/1320 1319/1319/1319 1321/1321/1321
f 1322/1322/1322 1320/1320/1320 1321/1321/1321
f 1322/1322/1322 1321/1321/1321 1323/1323/1323
f 1324/1324/1324 1322/1322/1322 1323/1323/1323
f 1324/1324/1324 1323/1323/1323 1325/1325/1325
f 1326/1326/1326 1324/1324/1324 1325/1325/1325
f 1326/1326/1326 1325/1325/1325 1327/1327/1327
f 1328/1328/1328 1326/1326/1326 1327/1327/1327
f 1328/1328/1328 1327/1327/1327 1329/1329/1329
f 1330/1330/1330 1328/1328/1328 1329/1329/1329
f 1330/1330/1330 1329/1329/1329 1331/1331/1331
f 1332/1332/1332 1330/1330/1330 1331/1331/1331
f 1332/1332/1332 1331/1331/1331 1333/1333/1333
f 1334/1334/1334 1332/1332/1332 1333/1333/1333
f 1334/1334/1334 1333/1333/1333 1335/1335/1335
f 1336/1336/1336 1334/1334/1334 1335/1335/1335
f 1336/1336/1336 1335/1335/1335 1337/1337/1337
f 1338/1338/1338 1336/1336/1336 1337/1337/1337
f 1338/1338/1338 1337/1337/1337 1339/1339/1339
f 1340/1340/1340 1338/1338/1338 1339/1339/1339
f 1340/1340/1340 1339/1339/1339 1341/1341/1341
f 1342/1342/1342 1340/1340/1340 1341/1341/1341
f 1342/1342/1342 1341/1341/1341 1343/1343/1343
f 1344/1344/1344 1342/1342/1342 1343/1343/1343
f 1344/1344/1344 1343/1343/1343 1345/1345/1345
f 1346/1346/1346 1344/1344/1344 1345/1345/1345
f 1346/1346/1346 1345/1345/1345 1347/1347/1347
f 1348/1348/1348 1346/1346/1346 1347/1347/1347
f 1348/1348/1348 1347/1347/1347 1349/1349/1349
f 1350/1350/1350 1348/1348/1348 1349/1349/1349
f 1350/1350/1350 1349/1349/1349 1351/1351/1351
f 1352/1352/1352 1350/1350/1350 1351/1351/1351
f 1352/1352/1352 1351/1351/1351 1353/1353/1353
f 1354/1354/1354 1352/1352/1352 1353/1353/1353
f 1354/1354/1354 1353/1353/1353 1355/1355/1355
f 1356/1356/1356 1354/1354/1354 1355/1355/1355
f 1356/1356/1356 1355/1355/1355 1357/1357/1357
f 1358/1358/1358 1356/1356/1356 1357/1357/1357
f 1358/1358/1358 1357/1357/1357 1359/1359/1359
f 1360/1360/1360 1358/1358/1358 1359/1359/1359
f 1360/1360/1360 1359/1359/1359 1361/1361/1361
f 1362/1362/1362 1360/1360/1360 1361/1361/1361
f 1362/1362/1362 1361/1361/1361 1363/1363/1363
f 1364/1364/1364 1362/1362/1362 1363/1363/1363
f 1364/1364/1364 1363/1363/1363 1365/1365/1365
f 1366/1366/1366 1364/1364/1364 1365/1365/1365
f 1366/1366/1366 1365/1365/1365 1367/1367/1367
f 1368/1368/1368 1366/1366/1366 1367/1367/1367
f 1368/1368/1368 1367/1367/1367 1369/1369/1369
f 1370/1370/1370 1368/1368/1368 1369/1369/1369
f 1370/1370/1370 1369/1369/1369 1371/1371/1371
f 1372/1372/1372 1370/1370/1370 1371/1371/1371
f 1372/1372/1372 1371/1371/1371 1373/1373/1373
f 1374/1374/1374 1372/1372/1372 1373/1373/1373
f 1374/1374/1374 1373/1373/1373 1375/1375/1375
f 1376/1376/1376 1374/1374/1374 1375/1375/1375
f 1376/1376/1376 1375/1375/1375 1377/1377/1377
f 1378/1378/1378 1376/1376/1376 1377/1377/1377
f 1378/1378/1378 1377/1377/1377 1379/1379/1379
f 1380/1380/1380 1378/1378/1378 1379/1379/1379
f 1380/1380/1380 1379/1379/1379 1381/1381/1381
f 1382/1382/1382 1380/1380/1380 1381/1381/1381
f 1382/1382/1382 1381/1381/1381 1383/1383/1383
f 1384/1384/1384 1382/1382/1382 1383/1383/1383
f 1384/1384/1384 1383/1383/1383 1385/1385/1385
f 1386/1386/1386 1384/1384/1384 1385/1385/1385
f 1386/1386/1386 1385/1385/1385 1387/1387/1387
f 1388/1388/1388 1386/1386/1386 1387/1387/1387
f 1388/1388/1388 1387/1387/1387 1389/1389/1389
f 1390/1390/1390 1388/1388/1388 1389/1389/1389
f 1390/1390/1390 1389/1389/1389 1391/1391/1391
f 1392/1392/1392 1390/1390/1390 1391/1391/1391
f 1392/1392/1392 1391/1391/1391 1393/1393/1393
f 1394/1394/1394 1392/1392/1392 1393/1393/1393
f 1394/1394/1394 1393/1393/1393 1395/1395/1395
f 1396/1396/1396 1394/1394/1394 1395/1395/1395
f 1396/1396/1396 1395/1395/1395 1397/1397/1397
f 1398/1398/1398 1396/1396/1396 1397/1397/1397
f 1398/1398/1398 1397/1397/1397 1399/1399/1399
f 1400/1400/1400 1398/1398/1398 1399/1399/1399
f 1400/1400/1400 1399/1399/1399 1401/1401/1401
f 1402/1402/1402 1400/1400/1400 1401/1401/1401
f 1402/1402/1402 1401/1401/1401 1403/1403/1403
f 1404/1404/1404 1402/1402/1402 1403/1403/1403
f 1404/1404/1404 1403/1403/1403 1405/1405/1405
f 1406/1406/1406 1404/1404/1404 1405/1405/1405
f 1406/1406/1406 1405/1405/1405 1407/1407/1407
f 1408/1408/1408 1406/1406/1406 1407/1407/1407
f 1408/1408/1408 1407/1407/1407 1409/1409/1409
f 1410/1410/1410 1408/1408/1408 1409/1409/1409
f 1410/1410/1410 1409/1409/1409 1411/1411/1411
f 1412/1412/1412 1410/1410/1410 1411/1411/1411
f 1412/1412/1412 1411/1411/1411 1413/1413/1413
f 1414/1414/1414 1412/1412/1412 1413/1413/1413
f 1414/1414/1414 1413/1413/1413 1415/1415/1415
f 1416/1416/1416 1414/1414/1414 1415/1415/1415
f 1416/1416/1416 1415/1415/1415 1417/1417/1417
f 1418/1418/1418 1416/1416/1416 1417/1417/1417
f 1418/1418/1418 1417/1417/1417 1419/1419/1419
f 1420/1420/1420 1418/1418/1418 1419/1419/1419
f 1420/1420/1420 1419/1419/1419 1421/1421/1421
f 1422/1422/1422 1420/1420/1420 1421/1421/1421
f 1422/1422/1422 1421/1421/1421 1423/1423/1423
f 1424/1424/1424 1422/1422/1422 1423/1423/1423
f 1424/1424/1424 1423/1423/1423 1425/1425/1425
f 1426/1426/1426 1424/1424/1424 1425/1425/1425
f 1426/1426/1426 1425/1425/1425 1427/1427/1427
f 1428/1428/1428 1426/1426/1426 1427/1427/1427
f 1428/1428/1428 1427/1427/1427 1429/1429/1429
f 1430/1430/1430 1428/1428/1428 1429/1429/1429
f 1430/1430/1430 1429/1429/1429 1431/1431/1431
f 1432/1432/1432 1430/1430/1430 1431/1431/1431
f 1432/1432/1432 1431/1431/1431 1433/1433/1433
f 1434/1434/1434 1432/1432/1432 1433/1433/1433
f 1434/1434/1434 1433/1433/1433 1435/1435/1435
f 1436/1436/1436 1434/1434/1434 1435/1435/1435
f 1436/1436/1436 1435/1435/1435 1437/1437/1437
f 1438/1438/1438 1436/1436/1436 1437/1437/1437
f 1438/1438/1438 1437/1437/1437 1439/1439/1439
f 1440/1440/1440 1438/1438/1438 1439/1439/1439
f 1440/1440/1440 1439/1439/1439 1441/1441/1441
f 1442/1442/1442 1440/1440/1440 1441/1441/1441
f 1442/1442/1442 1441/1441/1441 1443/1443/1443
f 1444/1444/1444 1442/1442/1442 1443/1443/1443
f 1444/1444/1444 1443/1443/1443 1445/1445/1445
f 1446/1446/1446 1444/1444/1444 1445/1445/1445
f 1446/1446/1446 1445/1445/1445 1447/1447/1447
f 1448/1448/1448 1446/1446/1446 1447/1447/1447
f 1448/1448/1448 1447/1447/1447 1449/1449/1449
f 1450/1450/1450 1448/1448/1448 1449/1449/1449
f 1450/1450/1450 1449/1449/1449 1451/1451/1451
f 1452/1452/1452 1450/1450/1450 1451/1451/1451
f 1452/1452/1452 1451/1451/1451 1453/1453/1453
f 1454/1454/1454 1452/1452/1452 1453/1453/1453
f 1454/1454/1454 1453/1453/1453 1455/1455/1455
f 1456/1456/1456 1454/1454/1454 1455/1455/1455
f 1456/1456/1456 1455/1455/1455 1457/1457/1457
f 1458/1458/1458 1456/1456/1456 1457/1457/1457
f 1458/1458/1458 1457/1457/1457 1459/1459/1459
f 1460/1460/1460 1458/1458/1458 1459/1459/1459
f 1460/1460/1460 1459/1459/1459 1461/1461/1461
f 1462/1462/1462 1460/1460/1460 1461/1461/1461
f 1462/1462/1462 1461/1461/1461 1463/1463/1463
f 1464/1464/1464 1462/1462/1462 1463/1463/1463
f 1464/1464/1464 1463/1463/1463 1465/1465/1465
f 1466/1466/1466 1464/1464/1464 1465/1465/1465
f 1466/1466/1466 1465/1465/1465 1467/1467/1467
f 1468/1468/1468 1466/1466/1466 1467/1467/1467
f 1468/1468/1468 1467/1467/1467 1469/1469/1469
f 1470/1470/1470 1468/1468/1468 1469/1469/1469
f 1470/1470/1470 1469/1469/1469 1471/1471/1471
f 1472/1472/1472 1470/1470/1470 1471/1471/1471
f 1472/1472/1472 1471/1471/1471 1473/1473/1473
f 1474/1474/1474 1472/1472/1472 1473/1473/1473
f 1474/1474/1474 1473/1473/1473 1475/1475/1475
f 1476/1476/1476 1474/1474/1474 1475/1475/1475
f 1476/1476/1476 1475/1475/1475 1477/1477/1477
f 1478/1478/1478 1476/1476/1476 1477/1477/1477
f 1478/1478/1478 1477/1477/1477 1479/1479/1479
f 1480/1480/1480 1478/1478/1478 1479/1479/1479
f 1480/1480/1480 1479/1479/1479 1481/1481/1481
f 1482/1482/1482 1480/1480/1480 1481/1481/1481
f 1482/1482/1482 1481/1481/1481 1483/1483/1483
f 1484/1484/1484 1482/1482/1482 1483/1483/1483
f 1484/1484/1484 1483/1483/1483 1485/1485/1485
f 1486/1486/1486 1484/1484/1484 1485/1485/1485
f 1486/1486/1486 1485/1485/1485 1487/1487/1487
f 1488/1488/1488 1486/1486/1486 1487/1487/1487
f 1488/1488/1488 1487/1487/1487 1489/1489/1489
f 1490/1490/1490 1488/1488/1488 1489/1489/1489
f 1490/1490/1490 1489/1489/1489 1491/1491/1491
f 1492/1492/1492 1490/1490/1490 1491/1491/1491
f 1492/1492/1492 1491/1491/1491 1493/1493/1493
f 1494/1494/1494 1492/1492/1492 1493/1493/1493
f 1494/1494/1494 1493/1493/1493 1495/1495/1495
f 1496/1496/1496 1494/1494/1494 1495/1495/1495
f 1496/1496/1496 1495/1495/1495 1497/1497/1497
f 1498/1498/1498 1496/1496/1496 1497/1497/1497
f 1498/1498/1498 1497/1497/1497 1499/1499/1499
f 1500/1500/1500 1498/1498/1498 1499/1499/1499
f 1500/1500/1500 1499/1499/1499 1501/1501/1501
f 1502/1502/1502 1500/1500/1500 1501/1501/1501
f 1502/1502/1502 1501/1501/1501 1503/1503/1503
f 1504/1504/1504 1502/1502/1502 1503/1503/1503
f 1504/1504/1504 1503/1503/1503 1505/1505/1505
f 1506/1506/1506 1504/1504/1504 1505/1505/1505
f 1506/1506/1506 1505/1505/1505 1507/1507/1507
f 1508/1508/1508 1506/1506/1506 1507/1507/1507
f 1508/1508/1508 1507/1507/1507 1509/1509/1509
f 1510/1510/1510 1508/1508/1508 1509/1509/1509
f 1510/1510/1510 1509/1509/1509 1511/1511/1511
f 1512/1512/1512 1510/1510/1510 1511/1511/1511
f 1512/1512/1512 1511/1511/1511 1513/1513/1513
f 1514/1514/1514 1512/1512/1512 1513/1513/1513
f 1514/1514/1514 1513/1513/1513 1515/1515/1515
f 1516/1516/1516 1514/1514/1514 1515/1515/1515
f 1516/1516/1516 1515/1515/1515 1517/1517/1517
f 1518/1518/1518 1516/1516/1516 1517/1517/1517
f 1518/1518/1518 1517/1517/1517 1519/1519/1519
f 1520/1520/1520 1518/1518/1518 1519/1519/1519
f 1520/1520/1520 1519/1519/1519 1521/1521/1521
f 1522/1522/1522 1520/1520/1520 1521/1521/1521
f 1522/1522/1522 1521/1521/1521 1523/1523/1523
f 1524/1524/1524 1522/1522/1522 1523/1523/1523
f 1524/1524/1524 1523/1523/1523 1525/1525/1525
f 1526/1526/1526 1524/1524/1524 1525/1525/1525
f 1526/1526/1526 1525/1525/1525 1527/1527/1527
f 1528/1528/1528 1526/1526/1526 1527/1527/1527
f 1528/1528/1528 1527/1527/1527 1529/1529/1529
f 1530/1530/1530 1528/1528/1528 1529/1529/1529
f 1530/1530/1530 1529/1529/1529 1531/1531/1531
f 1532/1532/1532 1530/1530/1530 1531/1531/1531
f 1532/1532/1532 1531/1531/1531 1533/1533/1533
f 1534/1534/1534 1532/1532/1532 1533/1533/1533
f 1534/1534/1534 1533/1533/1533 1535/1535/1535
f 1536/1536/1536 1534/1534/1534 1535/1535/1535
f 1536/1536/1536 1535/1535/1535 1537/1537/1537
f 1538/1538/1538 1536/1536/1536 1537/1537/1537
f 1538/1538/1538 1537/1537/1537 1539/1539/1539
f 1540/1540/1540 1538/1538/1538 1539/1539/1539
f 1540/1540/1540 1539/1539/1539 1541/1541/1541
f 1542/1542/1542 1540/1540/1540 1541/1541/1541
f 1542/1542/1542 1541/1541/1541 1543/1543/1543
f 1544/1544/1544 1542/1542/1542 1543/1543/1543
f 1544/1544/1544 1543/1543/1543 1545/1545/1545
f 1546/1546/1546 1544/1544/1544 1545/1545/1545
f 1546/1546/1546 1545/1545/1545 1547/1547/1547
f 1548/1548/1548 1546/1546/1546 1547/1547/1547
f 1548/1548/1548 1547/1547/1547 1549/1549/1549
f 1550/1550/1550 1548/1548/1548 1549/1549/1549
f 1550/1550/1550 1549/1549/1549 1551/1551/1551
f 1552/1552/1552 1550/1550/1550 1551/1551/1551
f 1552/1552/1552 1551/1551/1551 1553/1553/1553
f 1554/1554/1554 1552/1552/1552 1553/1553/1553
f 1554/1554/1554 1553/1553/1553 1555/1555/1555
f 1556/1556/1556 1554/1554/1554 1555/1555/1555
f 1556/1556/1556 1555/1555/1555 1557/1557/1557
f 1558/1558/1558 1556/1556/1556 1557/1557/1557
f 1558/1558/1558 1557/1557/1557 1559/1559/1559
f 1560/1560/1560 1558/1558/1558 1559/1559/1559
f 1560/1560/1560 1559/1559/1559 1561/1561/1561
f 1562/1562/1562 1560/1560/1560 1561/1561/1561
f 1562/1562/1562 1561/1561/1561 1563/1563/1563
f 1564/1564/1564 1562/1562/1562 1563/1563/1563
f 1564/1564/1564 1563/1563/1563 1565/1565/1565
f 1566/1566/1566 1564/1564/1564 1565/1565/1565
f 1566/1566/1566 1565/1565/1565 1567/1567/1567
f 1568/1568/1568 1566/1566/1566 1567/1567/1567
f 1568/1568/1568 1567/1567/1567 1569/1569/1569
f 1570/1570/1570 1568/1568/1568 1569/1569/1569
f 1570/1570/1570 1569/1569/1569 1571/1571/1571
f 1572/1572/1572 1570/1570/1570 1571/1571/1571
f 1572/1572/1572 1571/1571/1571 1573/1573/1573
f 1574/1574/1574 1572/1572/1572 1573/1573/1573
f 1574/1574/1574 1573/1573/1573 1575/1575/1575
f 1576/1576/1576 1574/1574/1574 1575/1575/1575
f 1576/1576/1576 1575/1575/1575 1577/1577/1577
f 1578/1578/1578 1576/1576/1576 1577/1577/1577
f 1578/1578/1578 1577/1577/1577 1579/1579/1579
f 1580/1580/1580 1578/1578/1578 1579/1579/1579
f 1580/1580/1580 1579/1579/1579 1581/1581/1581
f 1582/1582/1582 1580/1580/1580 1581/1581/1581
f 1582/1582/1582 1581/1581/1581 1583/1583/1583
f 1584/1584/1584 1582/1582/1582 1583/1583/1583
f 1584/1584/1584 1583/1583/1583 1585/1585/1585
f 1586/1586/1586 1584/1584/1584 1585/1585/1585
f 1586/1586/1586 1585/1585/1585 1587/1587/1587
f 1588/1588/1588 1586/1586/1586 1587/1587/1587
f 1588/1588/1588 1587/1587/1587 1589/1589/1589
f 1590/1590/1590 1588/1588/1588 1589/1589/1589
f 1590/1590/1590 1589/1589/1589 1591/1591/1591
f 1592/1592/1592 1590/1590/1590 1591/1591/1591
f 1592/1592/1592 1591/1591/1591 1593/1593/1593
f 1594/1594/1594 1592/1592/1592 1593/1593/1593
f 1594/1594/1594 1593/1593/1593 1595/1595/1595
f 1596/1596/1596 1594/1594/1594 1595/1595/1595
f 1596/1596/1596 1595/1595/1595 1597/1597/1597
f 1598/1598/1598 1596/1596/1596 1597/1597/1597
f 1598/1598/1598 1597/1597/1597 1599/1599/1599
f 1600/1600/1600 1598/1598/1598 1599/1599/1599
f 1600/1600/1600 1599/1599/1599 1601/1601/1601
f 1602/1602/1602 1600/1600/1600 1601/1601/1601
f 1602/1602/1602 1601/1601/1601 1603/1603/1603
f 1604/1604/1604 1602/1602/1602 1603/1603/1603
f 1604/1604/1604 1603/1603/1603 1605/1605/1605
f 1606/1606/1606 1604/1604/1604 1605/1605/1605
f 1606/1606/1606 1605/1605/1605 1607/1607/1607
f 1608/1608/1608 1606/1606/1606 1607/1607/1607
f 1608/1608/1608 1607/1607/1607 1609/1609/1609
f 1610/1610/1610 1608/1608/1608 1609/1609/1609
f 1610/1610/1610 1609/1609/1609 1611/1611/1611
f 1612/1612/1612 1610/1610/1610 1611/1611/1611
f 1612/1612/1612 1611/1611/1611 1613/1613/1613
f 1614/1614/1614 1612/1612/1612 1613/1613/1613
f 1614/1614/1614 1613/1613/1613 1615/1615/1615
f 1616/1616/1616 1614/1614/1614 1615/1615/1615
f 1616/1616/1616 1615/1615/1615 1617/1617/1617
f 1618/1618/1618 1616/1616/1616 1617/1617/1617
f 1618/1618/1618 1617/1617/1617 1619/1619/1619
f 1620/1620/1620 1618/1618/1618 1619/1619/1619
f 1620/1620/1620 1619/1619/1619 1621/1621/1621
f 1622/1622/1622 1620/1620/1620 1621/1621/1621
f 1622/1622/1622 1621/1621/1621 1623/1623/1623
f 1624/1624/1624 1622/1622/1622 1623/1623/1623
f 1624/1624/1624 1623/1623/1623 1625/1625/1625
f 1626/1626/1626 1624/1624/1624 1625/1625/1625
f 1626/1626/1626 1625/1625/1625 1627/1627/1627
f 1628/1628/1628 1626/1626/1626 1627/1627/1627
f 1628/1628/1628 1627/1627/1627 1629/1629/1629
f 1630/1630/1630 1628/1628/1628 1629/1629/1629
f 1630/1630/1630 1629/1629/1629 1631/1631/1631
f 1632/1632/1632 1630/1630/1630 1631/1631/1631
f 1632/1632/1632 1631/1631/1631 1633/1633/1633
f 1634/1634/1634 1632/1632/1632 1633/1633/1633
f 1634/1634/1634 1633/1633/1633 1635/1635/1635
f 1636/1636/1636 1634/1634/1634 1635/1635/1635
f 1636/1636/1636 1635/1635/1635 1637/1637/1637
f 1638/1638/1638 1636/1636/1636 1637/1637/1637
f 1638/1638/1638 1637/1637/1637 1639/1639/1639
f 1640/1640/1640 1638/1638/1638 1639/1639/1639
f 1640/1640/1640 1639/1639/1639 1641/1641/1641
f 1642/1642/1642 1640/1640/1640 1641/1641/1641
f 1642/1642/1642 1641/1641/1641 1643/1643/1643
f 1644/1644/1644 1642/1642/1642 1643/1643/1643
f 1644/1644/1644 1643/1643/1643 1645/1645/1645
f 1646/1646/1646 1644/1644/1644 1645/1645/1645
f 1646/1646/1646 1645/1645/1645 1647/1647/1647
f 1648/1648/1648 1646/1646/1646 1647/1647/1647
f 1648/1648/1648 1647/1647/1647 1649/1649/1649
f 1650/1650/1650 1648/1648/1648 1649/1649/1649
f 1650/1650/1650 1649/1649/1649 1651/1651/1651
f 1652/1652/1652 1650/1650/1650 1651/1651/1651
f 1652/1652/1652 1651/1651/1651 1653/1653/1653
f 1654/1654/1654 1652/1652/1652 1653/1653/1653
f 1654/1654/1654 1653/1653/1653 1655/1655/1655
f 1656/1656/1656 1654/1654/1654 1655/1655/1655
f 1656/1656/1656 1655/1655/1655 1657/1657/1657
f 1658/1658/1658 1656/1656/1656 1657/1657/1657
f 1658/1658/1658 1657/1657/1657 1659/1659/1659
f 1660/1660/1660 1658/1658/1658 1659/1659/1659
f 1660/1660/1660 1659/1659/1659 1661/1661/1661
f 1662/1662/1662 1660/1660/1660 1661/1661/1661
f 1662/1662/1662 1661/1661/1661 1663/1663/1663
f 1664/1664/1664 1662/1662/1662 1663/1663/1663
f 1664/1664/1664 1663/1663/1663 1665/1665/1665
f 1666/1666/1666 1664/1664/1664 1665/1665/1665
f 1666/1666/1666 1665/1665/1665 1667/1667/1667
f 1668/1668/1668 1666/1666/1666 1667/1667/1667
f 1668/1668/1668 1667/1667/1667 1669/1669/1669
f 1670/1670/1670 1668/1668/1668 1669/1669/1669
f 1670/1670/1670 1669/1669/1669 1671/1671/1671
f 1672/1672/1672 1670/1670/1670 1671/1671/1671
f 1672/1672/1672 1671/1671/1671 1673/1673/1673
f 1674/1674/1674 1672/1672/1672 1673/1673/1673
f 1674/1674/1674 1673/1673/1673 1675/1675/1675
f 1676/1676/1676 1674/1674/1674 1675/1675/1675
f 1676/1676/1676 1675/1675/1675 1677/1677/1677
f 1678/1678/1678 1676/1676/1676 1677/1677/1677
f 1678/1678/1678 1677/1677/1677 1679/1679/1679
f 1680/1680/1680 1678/1678/1678 1679/1679/1679
f 1680/1680/1680 1679/1679/1679 1681/1681/1681
f 1682/1682/1682 1680/1680/1680 1681/1681/1681
f 1682/1682/1682 1681/1681/1681 1683/1683/1683
f 1684/1684/1684 1682/1682/1682 1683/1683/1683
f 1684/1684/1684 1683/1683/1683 1685/1685/1685
f 1686/1686/1686 1684/1684/1684 1685/1685/1685
f 1686/1686/1686 1685/1685/1685 1687/1687/1687
f 1688/1688/1688 1686/1686/1686 1687/1687/1687
f 1688/1688/1688 1687/1687/1687 1689/1689/1689
f 1690/1690/1690 1688/1688/1688 1689/1689/1689
f 1690/1690/1690 1689/1689/1689 1691/1691/1691
f 1692/1692/1692 1690/1690/1690 1691/1691/1691
f 1692/1692/1692 1691/1691/1691 1693/1693/1693
f 1694/1694/1694 1692/1692/1692 1693/1693/1693
f 1694/1694/1694 1693/1693/1693 1695/1695/1695
f 1696/1696/1696 1694/1694/1694 1695/1695/1695
f 1696/1696/1696 1695/1695/1695 1697/1697/1697
f 1698/1698/1698 1696/1696/1696 1697/1697/1697
f 1698/1698/1698 1697/1697/1697 1699/1699/1699
f 1700/1700/1700 1698/1698/1698 1699/1699/1699
f 1700/1700/1700 1699/1699/1699 1701/1701/1701
f 1702/1702/1702 1700/1700/1700 1701/1701/1701
f 1702/1702/1702 1701/1701/1701 1703/1703/1703
f 1704/1704/1704 1702/1702/1702 1703/1703/1703
f 1704/1704/1704 1703/1703/1703 1705/1705/1705
f 1706/1706/1706 1704/1704/1704 1705/1705/1705
f 1706/1706/1706 1705/1705/1705 1707/1707/1707
f 1708/1708/1708 1706/1706/1706 1707/1707/1707
f 1708/1708/1708 1707/1707/1707 1709/1709/1709
f 1710/1710/1710 1708/1708/1708 1709/1709/1709
f 1710/1710/1710 1709/1709/1709 1711/1711/1711
f 1712/1712/1712 1710/1710/1710 1711/1711/1711
f 1712/1712/1712 1711/1711/1711 1713/1713/1713
f 1714/1714/1714 1712/1712/1712 1713/1713/1713
f 1714/1714/1714 1713/1713/1713 1715/1715/1715
f 1716/1716/1716 1714/1714/1714 1715/1715/1715
f 1716/1716/1716 1715/1715/1715 1717/1717/1717
f 1718/1718/1718 1716/1716/1716 1717/1717/1717
f 1718/1718/1718 1717/1717/1717 1719/1719/1719
f 1720/1720/1720 1718/1718/1718 1719/1719/1719
f 1720/1720/1720 1719/1719/1719 1721/1721/1721
f 1722/1722/1722 1720/1720/1720 1721/1721/1721
f 1722/1722/1722 1721/1721/1721 1723/1723/1723
f 1724/1724/1724 1722/1722/1722 1723/1723/1723
f 1724/1724/1724 1723/1723/1723 1725/1725/1725
f 1726/1726/1726 1724/1724/1724 1725/1725/1725
f 1726/1726/1726 1725/1725/1725 1727/1727/1727
f 1728/1728/1728 1726/1726/1726 1727/1727/1727
f 1728/1728/1728 1727/1727/1727 1729/1729/1729
f 1730/1730/1730 1728/1728/1728 1729/1729/1729
f 1730/1730/1730 1729/1729/1729 1731/1731/1731
f 1732/1732/1732 1730/1730/1730 1731/1731/1731
f 1732/1732/1732 1731/1731/1731 1733/1733/1733
f 1734/1734/1734 1732/1732/1732 1733/1733/1733
f 1734/1734/1734 1733/1733/1733 1735/1735/1735
f 1736/1736/1736 1734/1734/1734 1735/1735/1735
f 1736/1736/1736 1735/1735/1735 1737/1737/1737
f 1738/1738/1738 1736/1736/1736 1737/1737/1737
f 1738/1738/1738 1737/1737/1737 1739/1739/1739
f 1740/1740/1740 1738/1738/1738 1739/1739/1739
f 1740/1740/1740 1739/1739/1739 1741/1741/1741
f 1742/1742/1742 1740/1740/1740 1741/1741/1741
f 1742/1742/1742 1741/1741/1741 1743/1743/1743
f 1744/1744/1744 1742/1742/1742 1743/1743/1743
f 1744/1744/1744 1743/1743/1743 1745/1745/1745
f 1746/1746/1746 1744/1744/1744 1745/1745/1745
f 1746/1746/1746 1745/1745/1745 1747/1747/1747
f 1748/1748/1748 1746/1746/1746 1747/1747/1747
f 1748/1748/1748 1747/1747/1747 1749/1749/1749
f 1750/1750/1750 1748/1748/1748 1749/1749/1749
f 1750/1750/1750 1749/1749/1749 1751/1751/1751
f 1752/1752/1752 1750/1750/1750 1751/1751/1751
f 1752/1752/1752 1751/1751/1751 1753/1753/1753
f 1754/1754/1754 1752/1752/1752 1753/1753/1753
f 1754/1754/1754 1753/1753/1753 1755/1755/1755
f 1756/1756/1756 1754/1754/1754 1755/1755/1755
f 1756/1756/1756 1755/1755/1755 1757/1757/1757
f 1758/1758/1758 1756/1756/1756 1757/1757/1757
f 1758/1758/1758 1757/1757/1757 1759/1759/1759
f 1760/1760/1760 1758/1758/1758 1759/1759/1759
f 1760/1760/1760 1759/1759/1759 1761/1761/1761
f 1762/1762/1762 1760/1760/1760 1761/1761/1761
f 1762/1762/1762 1761/1761/1761 1763/1763/1763
f 1764/1764/1764 1762/1762/1762 1763/1763/1763
f 1764/1764/1764 1763/1763/1763 1765/1765/1765
f 1766/1766/1766 1764/1764/1764 1765/1765/1765
f 1766/1766/1766 1765/1765/1765 1767/1767/1767
f 1768/1768/1768 1766/1766/1766 1767/1767/1767
f 1768/1768/1768 1767/1767/1767 1769/1769/1769
f 1770/1770/1770 1768/1768/1768 1769/1769/1769
f 1770/1770/1770 1769/1769/1769 1771/1771/1771
f 1772/1772/1772 1770/1770/1770 1771/1771/1771
f 1772/1772/1772 1771/1771/1771 1773/1773/1773
f 1774/1774/1774 1772/1772/1772 1773/1773/1773
f 1774/1774/1774 1773/1773/1773 1775/1775/1775
f 1776/1776/1776 1774/1774/1774 1775/1775/1775
f 1776/1776/1776 1775/1775/1775 1777/1777/1777
f 1778/1778/1778 1776/1776/1776 1777/1777/1777
f 1778/1778/1778 1777/1777/1777 1779/1779/1779
f 1780/1780/1780 1778/1778/1778 1779/1779/1779
f 1780/1780/1780 1779/1779/1779 1781/1781/1781
f 1782/1782/1782 1780/1780/1780 1781/1781/1781
f 1782/1782/1782 1781/1781/1781 1783/1783/1783
f 1784/1784/1784 1782/1782/1782 1783/1783/1783
f 1784/1784/1784 1783/1783/1783 1785/1785/1785
f 1786/1786/1786 1784/1784/1784 1785/1785/1785
f 1786/1786/1786 1785/1785/1785 1787/1787/1787
f 1788/1788/1788 1786/1786/1786 1787/1787/1787
f 1788/1788/1788 1787/1787/1787 1789/1789/1789
f 1790/1790/1790 1788/1788/1788 1789/1789/1789
f 1790/1790/1790 1789/1789/1789 1791/1791/1791
f 1792/1792/1792 1790/1790/1790 1791/1791/1791
f 1792/1792/1792 1791/1791/1791 1793/1793/1793
f 1794/1794/1794 1792/1792/1792 1793/1793/1793
f 1794/1794/1794 1793/1793/1793 1795/1795/1795
f 1796/1796/1796 1794/1794/1794 1795/1795/1795
f 1796/1796/1796 1795/1795/1795 1797/1797/1797
f 1798/1798/1798 1796/1796/1796 1797/1797/1797
f 1798/1798/1798 1797/1797/1797 1799/1799/1799
f 1800/1800/1800 1798/1798/1798 1799/1799/1799
f 1800/1800/1800 1799/1799/1799 1801/1801/1801
f 1802/1802/1802 1800/1800/1800 1801/1801/1801
f 1802/1802/1802 1801/1801/1801 1803/1803/1803
f 1804/1804/1804 1802/1802/1802 1803/1803/1803
f 1804/1804/1804 1803/1803/1803 1805/1805/1805
f 1806/1806/1806 1804/1804/1804 1805/1805/1805
f 1806/1806/1806 1805/1805/1805 1807/1807/1807
f 1808/1808/1808 1806/1806/1806 1807/1807/1807
f 1808/1808/1808 1807/1807/1807 1809/1809/1809
f 1810/1810/1810 1808/1808/1808 1809/1809/1809
f 1810/1810/1810 1809/1809/1809 1811/1811/1811
f 1812/1812/1812 1810/1810/1810 1811/1811/1811
f 1812/1812/1812 1811/1811/1811 1813/1813/1813
f 1814/1814/1814 1812/1812/1812 1813/1813/1813
f 1814/1814/1814 1813/1813/1813 1815/1815/1815
f 1816/1816/1816 1814/1814/1814 1815/1815/1815
f 1816/1816/1816 1815/1815/1815 1817/1817/1817
f 1818/1818/1818 1816/1816/1816 1817/1817/1817
f 1818/1818/1818 1817/1817/1817 1819/1819/1819
f 1820/1820/1820 1818/1818/1818 1819/1819/1819
f 1820/1820/1820 1819/1819/1819 1821/1821/1821
f 1822/1822/1822 1820/1820/1820 1821/1821/1821
f 1822/1822/1822 1821/1821/1821 1823/1823/1823
f 1824/1824/1824 1822/1822/1822 1823/1823/1823
f 1824/1824/1824 1823/1823/1823 1825/1825/1825
f 1826/1826/1826 1824/1824/1824 1825/1825/1825
f 1826/1826/1826 1825/1825/1825 1827/1827/1827
f 1828/1828/1828 1826/1826/1826 1827/1827/1827
f 1828/1828/1828 1827/1827/1827 1829/1829/1829
f 1830/1830/1830 1828/1828/1828 1829/1829/1829
f 1830/1830/1830 1829/1829/1829 1831/1831/1831
f 1832/1832/1832 1830/1830/1830 1831/1831/1831
f 1832/1832/1832 1831/1831/1831 1833/1833/1833
f 1834/1834/1834 1832/1832/1832 1833/1833/1833
f 1834/1834/1834 1833/1833/1833 1835/1835/1835
f 1836/1836/1836 1834/1834/1834 1835/1835/1835
f 1836/1836/1836 1835/1835/1835 1837/1837/1837
f 1838/1838/1838 1836/1836/1836 1837/1837/1837
f 1838/1838/1838 1837/1837/1837 1839/1839/1839
f 1840/1840/1840 1838/1838/1838 1839/1839/1839
f 1840/1840/1840 1839/1839/1839 1841/1841/1841
f 1842/1842/1842 1840/1840/1840 1841/1841/1841
f 1842/1842/1842 1841/1841/1841 1843/1843/1843
f 1844/1844/1844 1842/1842/1842 1843/1843/1843
f 1844/1844/1844 1843/1843/1843 1845/1845/1845
f 1846/1846/1846 1844/1844/1844 1845/1845/1845
f 1846/1846/1846 1845/1845/1845 1847/1847/1847
f 1848/1848/1848 1846/1846/1846 1847/1847/1847
f 1848/1848/1848 1847/1847/1847 1849/1849/1849
f 1850/1850/1850 1848/1848/1848 1849/1849/1849
f 1850/1850/1850 1849/1849/1849 1851/1851/1851
f 1852/1852/1852 1850/1850/1850 1851/1851/1851
f 1852/1852/1852 1851/1851/1851 1853/1853/1853
f 1854/1854/1854 1852/1852/1852 1853/1853/1853
f 1854/1854/1854 1853/1853/1853 1855/1855/1855
f 1856/1856/1856 1854/1854/1854 1855/1855/1855
f 1856/1856/1856 1855/1855/1855 1857/1857/1857
f 1858/1858/1858 1856/1856/1856 1857/1857/1857
f 1858/1858/1858 1857/1857/1857 1859/1859/1859
f 1860/1860/1860 1858/1858/1858 1859/1859/1859
f 1860/1860/1860 1859/1859/1859 1861/1861/1861
f 1862/1862/1862 1860/1860/1860 1861/1861/1861
f 1862/1862/1862 1861/1861/1861 1863/1863/1863
f 1864/1864/1864 1862/1862/1862 1863/1863/1863
f 1864/1864/1864 1863/1863/1863 1865/1865/1865
f 1866/1866/1866 1864/1864/1864 1865/1865/1865
f 1866/1866/1866 1865/1865/1865 1867/1867/1867
f 1868/1868/1868 1866/1866/1866 1867/1867/1867
f 1868/1868/1868 1867/1867/1867 1869/1869/1869
f 1870/1870/1870 1868/1868/1868 1869/1869/1869
f 1870/1870/1870 1869/1869/1869 1871/1871/1871
f 1872/1872/1872 1870/1870/1870 1871/1871/1871
f 1872/1872/1872 1871/1871/1871 1873/1873/1873
f 1874/1874/1874 1872/1872/1872 1873/1873/1873
f 1874/1874/1874 1873/1873/1873 1875/1875/1875
f 1876/1876/1876 1874/1874/1874 1875/1875/1875
f 1876/1876/1876 1875/1875/1875 1877/1877/1877
f 1878/1878/1878 1876/1876/1876 1877/1877/1877
f 1878/1878/1878 1877/1877/1877 1879/1879/1879
f 1880/1880/1880 1878/1878/1878 1879/1879/1879
f 1880/1880/1880 1879/1879/1879 1881/1881/1881
f 1882/1882/1882 1880/1880/1880 1881/1881/1881
f 1882/1882/1882 1881/1881/1881 1883/1883/1883
f 1884/1884/1884 1882/1882/1882 1883/1883/1883
f 1884/1884/1884 1883/1883/1883 1885/1885/1885
f 1886/1886/1886 1884/1884/1884 1885/1885/1885
f 1886/1886/1886 1885/1885/1885 1887/1887/1887
f 1888/1888/1888 1886/1886/1886 1887/1887/1887
f 1888/1888/1888 1887/1887/1887 1889/1889/1889
f 1890/1890/1890 1888/1888/1888 1889/1889/1889
f 1890/1890/1890 1889/1889/1889 1891/1891/1891
f 1892/1892/1892 1890/1890/1890 1891/1891/1891
f 1892/1892/1892 1891/1891/1891 1893/1893/1893
f 1894/1894/1894 1892/1892/1892 1893/1893/1893
f 1894/1894/1894 1893/1893/1893 1895/1895/1895
f 1896/1896/1896 1894/1894/1894 1895/1895/1895
f 1896/1896/1896 1895/1895/1895 1897/1897/1897
f 1898/1898/1898 1896/1896/1896 1897/1897/1897
f 1898/1898/1898 1897/1897/1897 1899/1899/1899
f 1900/1900/1900 1898/1898/1898 1899/1899/1899
f 1900/1900/1900 1899/1899/1899 1901/1901/1901
f 1902/1902/1902 1900/1900/1900 1901/1901/1901
f 1902/1902/1902 1901/1901/1901 1903/1903/1903
f 1904/1904/1904 1902/1902/1902 1903/1903/1903
f 1904/1904/1904 1903/1903/1903 1905/1905/1905
f 1906/1906/1906 1904/1904/1904 1905/1905/1905
f 1906/1906/1906 1905/1905/1905 1907/1907/1907
f 1908/1908/1908 1906/1906/1906 1907/1907/1907
f 1908/1908/1908 1907/1907/1907 1909/1909/1909
f 1910/1910/1910 1908/1908/1908 1909/1909/1909
f 1910/1910/1910 1909/1909/1909 1911/1911/1911
f 1912/1912/1912 1910/1910/1910 1911/1911/1911
f 1912/1912/1912 1911/1911/1911 1913/1913/1913
f 1914/1914/1914 1912/1912/1912 1913/1913/1913
f 1914/1914/1914 1913/1913/1913 1915/1915/1915
f 1916/1916/1916 1914/1914/1914 1915/1915/1915
f 1916/1916/1916 1915/1915/1915 1917/1917/1917
f 1918/1918/1918 1916/1916/1916 1917/1917/1917
f 1918/1918/1918 1917/1917/1917 1919/1919/1919
f 1920/1920/1920 1918/1918/1918 1919/1919/1919
f 1920/1920/1920 1919/1919/1919 1921/1921/1921
f 1922/1922/1922 1920/1920/1920 1921/1921/1921
f 1922/1922/1922 1921/1921/1921 1923/1923/1923
f 1924/1924/1924 1922/1922/1922 1923/1923/1923
f 1924/1924/1924 1923/1923/1923 1925/1925/1925
f 1926/1926/1926 1924/1924/1924 1925/1925/1925
f 1926/1926/1926 1925/1925/1925 1927/1927/1927
f 1928/1928/1928 1926/1926/1926 1927/1927/1927
f 1928/1928/1928 1927/1927/1927 1929/1929/1929
f 1930/1930/1930 1928/1928/1928 1929/1929/1929
f 1930/1930/1930 1929/1929/1929 1931/1931/1931
f 1932/1932/1932 1930/1930/1930 1931/1931/1931
f 1932/1932/1932 1931/1931/1931 1933/1933/1933
f 1934/1934/1934 1932/1932/1932 1933/1933/1933
f 1934/1934/1934 1933/1933/1933 1935/1935/1935
f 1936/1936/1936 1934/1934/1934 1935/1935/1935
f 1936/1936/1936 1935/1935/1935 1937/1937/1937
f 1938/1938/1938 1936/1936/1936 1937/1937/1937
f 1938/1938/1938 1937/1937/1937 1939/1939/1939
f 1940/1940/1940 1938/1938/1938 1939/1939/1939
f 1940/1940/1940 1939/1939/1939 1941/1941/1941
f 1942/1942/1942 1940/1940/1940 1941/1941/1941
f 1942/1942/1942 1941/1941/1941 1943/1943/1943
f 1944/1944/1944 1942/1942/1942 1943/1943/1943
f 1944/1944/1944 1943/1943/1943 1945/1945/1945
f 1946/1946/1946 1944/1944/1944 1945/1945/1945
f 1946/1946/1946 1945/1945/1945 1947/1947/1947
f 1948/1948/1948 1946/1946/1946 1947/1947/1947
f 1948/1948/1948 1947/1947/1947 1949/1949/1949
f 1950/1950/1950 1948/1948/1948 1949/1949/1949
f 1950/1950/1950 1949/1949/1949 1951/1951/1951
f 1952/1952/1952 1950/1950/1950 1951/1951/1951
f 1952/1952/1952 1951/1951/1951 1953/1953/1953
f 1954/1954/1954 1952/1952/1952 1953/1953/1953
f 1954/1954/1954 1953/1953/1953 1955/1955/1955
f 1956/1956/1956 1954/1954/1954 1955/1955/1955
f 1956/1956/1956 1955/1955/1955 1957/1957/1957
f 1958/1958/1958 1956/1956/1956 1957/1957/1957
f 1958/1958/1958 1957/1957/1957 1959/1959/1959
f 1960/1960/1960 1958/1958/1958 1959/1959/1959
f 1960/1960/1960 1959/1959/1959 1961/1961/1961
f 1962/1962/1962 1960/1960/1960 1961/1961/1961
f 1962/1962/1962 1961/1961/1961 1963/1963/1963
f 1964/1964/1964 1962/1962/1962 1963/1963/1963
f 1964/1964/1964 1963/1963/1963 1965/1965/1965
f 1966/1966/1966 1964/1964/1964 1965/1965/1965
f 1966/1966/1966 1965/1965/1965 1967/1967/1967
f 1968/1968/1968 1966/1966/1966 1967/1967/1967
f 1968/1968/1968 1967/1967/1967 1969/1969/1969
f 1970/1970/1970 1968/1968/1968 1969/1969/1969
f 1970/1970/1970 1969/1969/1969 1971/1971/1971
f 1972/1972/1972 1970/1970/1970 1971/1971/1971
f 1972/1972/1972 1971/1971/1971 1973/1973/1973
f 1974/1974/1974 1972/1972/1972 1973/1973/1973
f 1974/1974/1974 1973/1973/1973 1975/1975/1975
f 1976/1976/1976 1974/1974/1974 1975/1975/1975
f 1976/1976/1976 1975/1975/1975 1977/1977/1977
f 1978/1978/1978 1976/1976/1976 1977/1977/1977
f 1978/1978/1978 1977/1977/1977 1979/1979/1979
f 1980/1980/1980 1978/1978/1978 1979/1979/1979
f 1980/1980/1980 1979/1979/1979 1981/1981/1981
f 1982/1982/1982 1980/1980/1980 1981/1981/1981
f 1982/1982/1982 1981/1981/1981 1983/1983/1983
f 1984/1984/1984 1982/1982/1982 1983/1983/1983
f 1984/1984/1984 1983/1983/1983 1985/1985/1985
f 1986/1986/1986 1984/1984/1984 1985/1985/1985
f 1986/1986/1986 1985/1985/1985 1987/1987/1987
f 1988/1988/1988 1986/1986/1986 1987/1987/1987
f 1988/1988/1988 1987/1987/1987 1989/1989/1989
f 1990/1990/1990 1988/1988/1988 1989/1989/1989
f 1990/1990/1990 1989/1989/1989 1991/1991/1991
f 1992/1992/1992 1990/1990/1990 1991/1991/1991
f 1992/1992/1992 1991/1991/1991 1993/1993/1993
f 1994/1994/1994 1992/1992/1992 1993/1993/1993
f 1994/1994/1994 1993/1993/1993 1995/1995/1995
f 1996/1996/1996 1994/1994/1994 1995/1995/1995
f 1996/1996/1996 1995/1995/1995 1997/1997/1997
f 1998/1998/1998 1996/1996/1996 1997/1997/1997
f 1998/1998/1998 1997/1997/1997 1999/1999/1999
f 2000/2000/2000 1998/1998/1998 1999/1999/1999
f 2000/2000/2000 1999/1999/1999 2001/2001/2001
f 2002/2002/2002 2000/2000/2000 2001/2001/2001
f 2002/2002/2002 2001/2001/2001 2003/2003/2003
f 2004/2004/2004 2002/2002/2002 2003/2003/2003
f 2004/2004/2004 2003/2003/2003 2005/2005/2005
f 2006/2006/2006 2004/2004/2004 2005/2005/2005
f 2006/2006/2006 2005/2005/2005 2007/2007/2007
f 2008/2008/2008 2006/2006/2006 2007/2007/2007
f 2008/2008/2008 2007/2007/2007 2009/2009/2009
f 2010/2010/2010 2008/2008/2008 2009/2009/2009
f 2010/2010/2010 2009/2009/2009 2011/2011/2011
f 2012/2012/2012 2010/2010/2010 2011/2011/2011
f 2012/2012/2012 2011/2011/2011 2013/2013/2013
f 2014/2014/2014 2012/2012/2012 2013/2013/2013
f 2014/2014/2014 2013/2013/2013 2015/2015/2015
f 2016/2016/2016 2014/2014/2014 2015/2015/2015
f 2016/2016/2016 2015/2015/2015 2017/2017/2017
f 2018/2018/2018 2016/2016/2016 2017/2017/2017
f 2018/2018/2018 2017/2017/2017 2019/2019/2019
f 2020/2020/2020 2018/2018/2018 2019/2019/2019
f 2020/2020/2020 2019/2019/2019 2021/2021/2021
f 2022/2022/2022 2020/2020/2020 2021/2021/2021
f 2022/2022/2022 2021/2021/2021 2023/2023/2023
f 2024/2024/2024 2022/2022/2022 2023/2023/2023
f 2024/2024/2024 2023/2023/2023 2025/2025/2025
f 2026/2026/2026 2024/2024/2024 2025/2025/2025
f 2026/2026/2026 2025/2025/2025 2027/2027/2027
f 2028/2028/2028 2026/2026/2026 2027/2027/2027
f 2028/2028/2028 2027/2027/2027 2029/2029/2029
f 2030/2030/2030 2028/2028/2028 2029/2029/2029
f 2030/2030/2030 2029/2029/2029 2031/2031/2031
f 2032/2032/2032 2030/2030/2030 2031/2031/2031
f 2032/2032/2032 2031/2031/2031 2033/2033/2033
f 2034/2034/2034 2032/2032/2032 2033/2033/2033
f 2034/2034/2034 2033/2033/2033 2035/2035/2035
f 2036/2036/2036 2034/2034/2034 2035/2035/2035
f 2036/2036/2036 2035/2035/2035 2037/2037/2037
f 2038/2038/2038 2036/2036/2036 2037/2037/2037
f 2038/2038/2038 2037/2037/2037 2039/2039/2039
f 2040/2040/2040 2038/2038/2038 2039/2039/2039
f 2040/2040/2040 2039/2039/2039 2041/2041/2041
f 2042/2042/2042 2040/2040/2040 2041/2041/2041
f 2042/2042/2042 2041/2041/2041 2043/2043/2043
f 2044/2044/2044 2042/2042/2042 2043/2043/2043
f 2044/2044/2044 2043/2043/2043 2045/2045/2045
f 2046/2046/2046 2044/2044/2044 2045/2045/2045
f 2046/2046/2046 2045/2045/2045 2047/2047/2047
f 2048/2048/2048 2046/2046/2046 2047/2047/2047
f 2048/2048/2048 2047/2047/2047 2049/2049/2049
f 2050/2050/2050 2048/2048/2048 2049/2049/2049
f 2050/2050/2050 2049/2049/2049 2051/2051/2051
f 2052/2052/2052 2050/2050/2050 2051/2051/2051
f 2052/2052/2052 2051/2051/2051 2053/2053/2053
f 2054/2054/2054 2052/2052/2052 2053/2053/2053
f 2054/2054/2054 2053/2053/2053 2055/2055/2055
f 2056/2056/2056 2054/2054/2054 2055/2055/2055
f 2056/2056/2056 2055/2055/2055 2057/2057/2057
f 2058/2058/2058 2056/2056/2056 2057/2057/2057
f 2058/2058/2058 2057/2057/2057 2059/2059/2059
f 2060/2060/2060 2058/2058/2058 2059/2059/2059
f 2060/2060/2060 2059/2059/2059 2061/2061/2061
f 2062/2062/2062 2060/2060/2060 2061/2061/2061
f 2062/2062/2062 2061/2061/2061 2063/2063/2063
f 2064/2064/2064 2062/2062/2062 2063/2063/2063
f 2064/2064/2064 2063/2063/2063 2065/2065/2065
f 2066/2066/2066 2064/2064/2064 2065/2065/2065
f 2066/2066/2066 2065/2065/2065 2067/2067/2067
f 2068/2068/2068 2066/2066/2066 2067/2067/2067
f 2068/2068/2068 2067/2067/2067 2069/2069/2069
f 2070/2070/2070 2068/2068/2068 2069/2069/2069
f 2070/2070/2070 2069/2069/2069 2071/2071/2071
f 2072/2072/2072 2070/2070/2070 2071/2071/2071
f 2072/2072/2072 2071/2071/2071 2073/2073/2073
f 2074/2074/2074 2072/2072/2072 2073/2073/2073
f 2074/2074/2074 2073/2073/2073 2075/2075/2075
f 2076/2076/2076 2074/2074/2074 2075/2075/2075
f 2076/2076/2076 2075/2075/2075 2077/2077/2077
f 2078/2078/2078 2076/2076/2076 2077/2077/2077
f 2078/2078/2078 2077/2077/2077 2079/2079/2079
f 2080/2080/2080 2078/2078/2078 2079/2079/2079
f 2080/2080/2080 2079/2079/2079 2081/2081/2081
f 2082/2082/2082 2080/2080/2080 2081/2081/2081
f 2082/2082/2082 2081/2081/2081 2083/2083/2083
f 2084/2084/2084 2082/2082/2082 2083/2083/2083
f 2084/2084/2084 2083/2083/2083 2085/2085/2085
f 2086/2086/2086 2084/2084/2084 2085/2085/2085
f 2086/2086/2086 2085/2085/2085 2087/2087/2087
f 2088/2088/2088 2086/2086/2086 2087/2087/2087
f 2088/2088/2088 2087/2087/2087 2089/2089/2089
f 2090/2090/2090 2088/2088/2088 2089/2089/2089
f 2090/2090/2090 2089/2089/2089 2091/2091/2091
f 2092/2092/2092 2090/2090/2090 2091/2091/2091
f 2092/2092/2092 2091/2091/2091 2093/2093/2093
f 2094/2094/2094 2092/2092/2092 2093/2093/2093
f 2094/2094/2094 2093/2093/2093 2095/2095/2095
f 2096/2096/2096 2094/2094/2094 2095/2095/2095
f 2096/2096/2096 2095/2095/2095 2097/2097/2097
f 2098/2098/2098 2096/2096/2096 2097/2097/2097
f 2098/2098/2098 2097/2097/2097 2099/2099/2099
f 2100/2100/2100 2098/2098/2098 2099/2099/2099
f 2100/2100/2100 2099/2099/2099 2101/2101/2101
f 2102/2102/2102 2100/2100/2100 2101/2101/2101
f 2102/2102/2102 2101/2101/2101 2103/2103/2103
f 2104/2104/2104 2102/2102/2102 2103/2103/2103
f 2104/2104/2104 2103/2103/2103 2105/2105/2105
f 2106/2106/2106 2104/2104/2104 2105/2105/2105
f 2106/2106/2106 2105/2105/2105 2107/2107/2107
f 2108/2108/2108 2106/2106/2106 2107/2107/2107
f 2108/2108/2108 2107/2107/2107 2109/2109/2109
f 2110/2110/2110 2108/2108/2108 2109/2109/2109
f 2110/2110/2110 2109/2109/2109 2111/2111/2111
f 2112/2112/2112 2110/2110/2110 2111/2111/2111
f 2112/2112/2112 2111/2111/2111 2113/2113/2113
f 2114/2114/2114 2112/2112/2112 2113/2113/2113
f 2114/2114/2114 2113/2113/2113 2115/2115/2115
f 2116/2116/2116 2114/2114/2114 2115/2115/2115
f 2116/2116/2116 2115/2115/2115 2117/2117/2117
f 2118/2118/2118 2116/2116/2116 2117/2117/2117
f 2118/2118/2118 2117/2117/2117 2119/2119/2119
f 2120/2120/2120 2118/2118/2118 2119/2119/2119
f 2120/2120/2120 2119/2119/2119 2121/2121/2121
f 2122/2122/2122 2120/2120/2120 2121/2121/2121
f 2122/2122/2122 2121/2121/2121 2123/2123/2123
f 2124/2124/2124 2122/2122/2122 2123/2123/2123
f 2124/2124/2124 2123/2123/2123 2125/2125/2125
f 2126/2126/2126 2124/2124/2124 2125/2125/2125
f 2126/2126/2126 2125/2125/2125 2127/2127/2127
f 2128/2128/2128 2126/2126/2126 2127/2127/2127
f 2128/2128/2128 2127/2127/2127 2129/2129/2129
f 2130/2130/2130 2128/2128/2128 2129/2129/2129
f 2130/2130/2130 2129/2129/2129 2131/2131/2131
f 2132/2132/2132 2130/2130/2130 2131/2131/2131
f 2132/2132/2132 2131/2131/2131 2133/2133/2133
f 2134/2134/2134 2132/2132/2132 2133/2133/2133
f 2134/2134/2134 2133/2133/2133 2135/2135/2135
f 2136/2136/2136 2134/2134/2134 2135/2135/2135
f 2136/2136/2136 2135/2135/2135 2137/2137/2137
f 2138/2138/2138 2136/2136/2136 2137/2137/2137
f 2138/2138/2138 2137/2137/2137 2139/2139/2139
f 2140/2140/2140 2138/2138/2138 2139/2139/2139
f 2140/2140/2140 2139/2139/2139 2141/2141/2141
f 2142/2142/2142 2140/2140/2140 2141/2141/2141
f 2142/2142/2142 2141/2141/2141 2143/2143/2143
f 2144/2144/2144 2142/2142/2142 2143/2143/2143
f 2144/2144/2144 2143/2143/2143 2145/2145/2145
f 2146/2146/2146 2144/2144/2144 2145/2145/2145
f 2146/2146/2146 2145/2145/2145 2147/2147/2147
f 2148/2148/2148 2146/2146/2146 2147/2147/2147
f 2148/2148/2148 2147/2147/2147 2149/2149/2149
f 2150/2150/2150 2148/2148/2148 2149/2149/2149
f 2150/2150/2150 2149/2149/2149 2151/2151/2151
f 2152/2152/2152 2150/2150/2150 2151/2151/2151
f 2152/2152/2152 2151/2151/2151 2153/2153/2153
f 2154/2154/2154 2152/2152/2152 2153/2153/2153
f 2154/2154/2154 2153/2153/2153 2155/2155/2155
f 2156/2156/2156 2154/2154/2154 2155/2155/2155
f 2156/2156/2156 2155/2155/2155 2157/2157/2157
f 2158/2158/2158 2156/2156/2156 2157/2157/2157
f 2158/2158/2158 2157/2157/2157 2159/2159/2159
f 2160/2160/2160 2158/2158/2158 2159/2159/2159
f 2160/2160/2160 2159/2159/2159 2161/2161/2161
f 2162/2162/2162 2160/2160/2160 2161/2161/2161
f 2162/2162/2162 2161/2161/2161 2163/2163/2163
f 2164/2164/2164 2162/2162/2162 2163/2163/2163
f 2164/2164/2164 2163/2163/2163 2165/2165/2165
f 2166/2166/2166 2164/2164/2164 2165/2165/2165
f 2166/2166/2166 2165/2165/2165 2167/2167/2167
f 2168/2168/2168 2166/2166/2166 2167/2167/2167
f 2168/2168/2168 2167/2167/2167 2169/2169/2169
f 2170/2170/2170 2168/2168/2168 2169/2169/2169
f 2170/2170/2170 2169/2169/2169 2171/2171/2171
f 2172/2172/2172 2170/2170/2170 2171/2171/2171
f 2172/2172/2172 2171/2171/2171 2173/2173/2173
f 2174/2174/2174 2172/2172/2172 2173/2173/2173
f 2174/2174/2174 2173/2173/2173 2175/2175/2175
f 2176/2176/2176 2174/2174/2174 2175/2175/2175
f 2176/2176/2176 2175/2175/2175 2177/2177/2177
f 2178/2178/2178 2176/2176/2176 2177/2177/2177
f 2178/2178/2178 2177/2177/2177 2179/2179/2179
f 2180/2180/2180 2178/2178/2178 2179/2179/2179
f 2180/2180/2180 2179/2179/2179 2181/2181/2181
f 2182/2182/2182 2180/2180/2180 2181/2181/2181
f 2182/2182/2182 2181/2181/2181 2183/2183/2183
f 2184/2184/2184 2182/2182/2182 2183/2183/2183
f 2184/2184/2184 2183/2183/2183 2185/2185/2185
f 2186/2186/2186 2184/2184/2184 2185/2185/2185
f 2186/2186/2186 2185/2185/2185 2187/2187/2187
f 2188/2188/2188 2186/2186/2186 2187/2187/2187
f 2188/2188/2188 2187/2187/2187 2189/2189/2189
f 2190/2190/2190 2188/2188/2188 2189/2189/2189
f 2190/2190/2190 2189/2189/2189 2191/2191/2191
f 2192/2192/2192 2190/2190/2190 2191/2191/2191
f 2192/2192/2192 2191/2191/2191 2193/2193/2193
f 2194/2194/2194 2192/2192/2192 2193/2193/2193
f 2194/2194/2194 2193/2193/2193 2195/2195/2195
f 2196/2196/2196 2194/2194/2194 2195/2195/2195
f 2196/2196/2196 2195/2195/2195 2197/2197/2197
f 2198/2198/2198 2196/2196/2196 2197/2197/2197
f 2198/2198/2198 2197/2197/2197 2199/2199/2199
f 2200/2200/2200 2198/2198/2198 2199/2199/2199
f 2200/2200/2200 2199/2199/2199 2201/2201/2201
f 2202/2202/2202 2200/2200/2200 2201/2201/2201
f 2202/2202/2202 2201/2201/2201 2203/2203/2203
f 2204/2204/2204 2202/2202/2202 2203/2203/2203
f 2204/2204/2204 2203/2203/2203 2205/2205/2205
f 2206/2206/2206 2204/2204/2204 2205/2205/2205
f 2206/2206/2206 2205/2205/2205 2207/2207/2207
f 2208/2208/2208 2206/2206/2206 2207/2207/2207
f 2208/2208/2208 2207/2207/2207 2209/2209/2209
f 2210/2210/2210 2208/2208/2208 2209/2209/2209
f 2210/2210/2210 2209/2209/2209 2211/2211/2211
f 2212/2212/2212 2210/2210/2210 2211/2211/2211
f 2212/2212/2212 2211/2211/2211 2213/2213/2213
f 2214/2214/2214 2212/2212/2212 2213/2213/2213
f 2214/2214/2214 2213/2213/2213 2215/2215/2215
f 2216/2216/2216 2214/2214/2214 2215/2215/2215
f 2216/2216/2216 2215/2215/2215 2217/2217/2217
f 2218/2218/2218 2216/2216/2216 2217/2217/2217
f 2218/2218/2218 2217/2217/2217 2219/2219/2219
f 2220/2220/2220 2218/2218/2218 2219/2219/2219
f 2220/2220/2220 2219/2219/2219 2221/2221/2221
f 2222/2222/2222 2220/2220/2220 2221/2221/2221
f 2222/2222/2222 2221/2221/2221 2223/2223/2223
f 2224/2224/2224 2222/2222/2222 2223/2223/2223
f 2224/2224/2224 2223/2223/2223 2225/2225/2225
f 2226/2226/2226 2224/2224/2224 2225/2225/2225
f 2226/2226/2226 2225/2225/2225 2227/2227/2227
f 2228/2228/2228 2226/2226/2226 2227/2227/2227
f 2228/2228/2228 2227/2227/2227 2229/2229/2229
f 2230/2230/2230 2228/2228/2228 2229/2229/2229
f 2230/2230/2230 2229/2229/2229 2231/2231/2231
f 2232/2232/2232 2230/2230/2230 2231/2231/2231
f 2232/2232/2232 2231/2231/2231 2233/2233/2233
f 2234/2234/2234 2232/2232/2232 2233/2233/2233
f 2234/2234/2234 2233/2233/2233 2235/2235/2235
f 2236/2236/2236 2234/2234/2234 2235/2235/2235
f 2236/2236/2236 2235/2235/2235 2237/2237/2237
f 2238/2238/2238 2236/2236/2236 2237/2237/2237
f 2238/2238/2238 2237/2237/2237 2239/2239/2239
f 2240/2240/2240 2238/2238/2238 2239/2239/2239
f 2240/2240/2240 2239/2239/2239 2241/2241/2241
f 2242/2242/2242 2240/2240/2240 2241/2241/2241
f 2242/2242/2242 2241/2241/2241 2243/2243/2243
f 2244/2244/2244 2242/2242/2242 2243/2243/2243
f 2244/2244/2244 2243/2243/2243 2245/2245/2245
f 2246/2246/2246 2244/2244/2244 2245/2245/2245
f 2246/2246/2246 2245/2245/2245 2247/2247/2247
f 2248/2248/2248 2246/2246/2246 2247/2247/2247
f 2248/2248/2248 2247/2247/2247 2249/2249/2249
f 2250/2250/2250 2248/2248/2248 2249/2249/2249
f 2250/2250/2250 2249/2249/2249 2251/2251/2251
f 2252/2252/2252 2250/2250/2250 2251/2251/2251
f 2252/2252/2252 2251/2251/2251 2253/2253/2253
f 2254/2254/2254 2252/2252/2252 2253/2253/2253
f 2254/2254/2254 2253/2253/2253 2255/2255/2255
f 2256/2256/2256 2254/2254/2254 2255/2255/2255
f 2256/2256/2256 2255/2255/2255 2257/2257/2257
f 2258/2258/2258 2256/2256/2256 2257/2257/2257
f 2258/2258/2258 2257/2257/2257 2259/2259/2259
f 2260/2260/2260 2258/2258/2258 2259/2259/2259
f 2260/2260/2260 2259/2259/2259 2261/2261/2261
f 2262/2262/2262 2260/2260/2260 2261/2261/2261
f 2262/2262/2262 2261/2261/2261 2263/2263/2263
f 2264/2264/2264 2262/2262/2262 2263/2263/2263
f 2264/2264/2264 2263/2263/2263 2265/2265/2265
f 2266/2266/2266 2264/2264/2264 2265/2265/2265
f 2266/2266/2266 2265/2265/2265 2267/2267/2267
f 2268/2268/2268 2266/2266/2266 2267/2267/2267
f 2268/2268/2268 2267/2267/2267 2269/2269/2269
f 2270/2270/2270 2268/2268/2268 2269/2269/2269
f 2270/2270/2270 2269/2269/2269 2271/2271/2271
f 2272/2272/2272 2270/2270/2270 2271/2271/2271
f 2272/2272/2272 2271/2271/2271 2273/2273/2273
f 2274/2274/2274 2272/2272/2272 2273/2273/2273
f 2274/2274/2274 2273/2273/2273 2275/2275/2275
f 2276/2276/2276 2274/2274/2274 2275/2275/2275
f 2276/2276/2276 2275/2275/2275 2277/2277/2277
f 2278/2278/2278 2276/2276/2276 2277/2277/2277
f 2278/2278/2278 2277/2277/2277 2279/2279/2279
f 2280/2280/2280 2278/2278/2278 2279/2279/2279
f 2280/2280/2280 2279/2279/2279 2281/2281/2281
f 2282/2282/2282 2280/2280/2280 2281/2281/2281
f 2282/2282/2282 2281/2281/2281 2283/2283/2283
f 2284/2284/2284 2282/2282/2282 2283/2283/2283
f 2284/2284/2284 2283/2283/2283 2285/2285/2285
f 2286/2286/2286 2284/2284/2284 2285/2285/2285
f 2286/2286/2286 2285/2285/2285 2287/2287/2287
f 2288/2288/2288 2286/2286/2286 2287/2287/2287
f 2288/2288/2288 2287/2287/2287 2289/2289/2289
f 2290/2290/2290 2288/2288/2288 2289/2289/2289
f 2290/2290/2290 2289/2289/2289 2291/2291/2291
f 2292/2292/2292 2290/2290/2290 2291/2291/2291
f 2292/2292/2292 2291/2291/2291 2293/2293/2293
f 2294/2294/2294 2292/2292/2292 2293/2293/2293
f 2294/2294/2294 2293/2293/2293 2295/2295/2295
f 2296/2296/2296 2294/2294/2294 2295/2295/2295
f 2296/2296/2296 2295/2295/2295 2297/2297/2297
f 2298/2298/2298 2296/2296/2296 2297/2297/2297
f 2298/2298/2298 2297/2297/2297 2299/2299/2299
